dataset,algorithm,spec,metric,seed42,mean10,sd10,min10,max10
COCOMO81,LR,raw,MAE,975.2553949870464,981.664909147582,38.35173052824312,925.508687987016,1069.5480056753247
COCOMO81,LR,raw,RMSE,1422.8303404406586,1363.6964707524953,87.72873407331446,1289.1846070058295,1582.3325694102193
COCOMO81,LR,raw,MMRE,19.429486371542716,21.018654729715635,1.534499554403358,18.269145515598545,22.964869925124606
COCOMO81,LR,raw,MdMRE,7.278442865084624,9.691882528240962,2.467458951453545,7.278442865084624,14.799499662456844
COCOMO81,LR,raw,PRED25,7.619047619047618,7.904761904761903,1.6940308405658109,6.19047619047619,11.19047619047619
COCOMO81,LR,raw,SA,2.850566863033093,5.895282326776487,6.9186353880223725,-9.042491067974918,14.2531386417308
COCOMO81,DT,raw,MAE,391.46238095238095,510.2857619047619,72.8324731146414,391.46238095238095,634.7595238095239
COCOMO81,DT,raw,RMSE,754.0160940315686,915.5096685128916,129.9672888712432,754.0160940315686,1115.4024336713667
COCOMO81,DT,raw,MMRE,1.194325986351333,1.4457208559696686,0.271783795334343,1.015023077056042,1.9144275563353996
COCOMO81,DT,raw,MdMRE,0.7542665783528048,0.8000500458009137,0.10199685309550845,0.6568685567848747,1.0019943914072704
COCOMO81,DT,raw,PRED25,15.952380952380953,12.76190476190476,4.01904009628424,4.999999999999999,17.619047619047613
COCOMO81,DT,raw,SA,65.57797556922549,60.787603853110625,4.930197787872929,51.3959357983425,65.57797556922549
COCOMO81,RF,raw,MAE,507.0235571428572,494.67240238095235,17.694641835837558,470.46420714285716,521.1143095238097
COCOMO81,RF,raw,RMSE,1003.160659204267,912.1028876506223,70.48499327351136,823.8765444914764,1003.160659204267
COCOMO81,RF,raw,MMRE,1.92657578226182,2.1480323280292657,0.2618483951118174,1.862699419522133,2.683943799626351
COCOMO81,RF,raw,MdMRE,0.9757793031930693,1.1689386402519109,0.1612290568278604,0.9757793031930693,1.5444321967707122
COCOMO81,RF,raw,PRED25,15.714285714285712,15.357142857142856,3.0947293029119423,11.19047619047619,19.285714285714285
COCOMO81,RF,raw,SA,55.019112057248094,60.083869252586524,3.893317892740229,55.019112057248094,65.03160233548064
COCOMO81,KNN,raw,MAE,525.0880952380952,560.2251571428571,16.207528294188748,525.0880952380952,586.6118095238096
COCOMO81,KNN,raw,RMSE,973.5990031591176,983.0676437758375,49.92509026934001,905.8041336393746,1052.5204131355426
COCOMO81,KNN,raw,MMRE,3.4381858105506162,3.6288838659141214,0.17548129134458032,3.438072263935903,3.900521944784974
COCOMO81,KNN,raw,MdMRE,1.4161799400942279,1.6678377098891528,0.20613343068917453,1.4161799400942279,1.9915777705491464
COCOMO81,KNN,raw,PRED25,9.76190476190476,9.476190476190476,2.1700218222392853,6.19047619047619,12.857142857142856
COCOMO81,KNN,raw,SA,56.3367343952411,56.76976538432409,1.7421524694224035,53.538299333628615,59.40560098806768
COCOMO81,SVR,raw,MAE,641.9687136558041,643.4183847878073,11.854710200462538,620.7817479688958,663.4585111914
COCOMO81,SVR,raw,RMSE,1300.1274062071138,1250.2440438679446,81.97331401110657,1124.4778590718818,1339.7783963123131
COCOMO81,SVR,raw,MMRE,2.513196891952425,2.610886514525382,0.11934317698544311,2.4475980073283212,2.7880169100142957
COCOMO81,SVR,raw,MdMRE,0.9880336501467385,1.3377138548563232,0.4824172278973979,0.9689823357625066,2.2322733623322897
COCOMO81,SVR,raw,PRED25,7.857142857142856,9.761904761904761,3.1983240761285527,6.19047619047619,14.523809523809522
COCOMO81,SVR,raw,SA,51.561852197752366,53.886473351860026,2.3291701285433426,51.42236170760633,57.588857060148484
COCOMO81,LR,semilog,MAE,63492.015245469345,195566.6927181017,294603.6167033441,39384.24539675509,995510.1785042512
COCOMO81,LR,semilog,RMSE,155268.30890146826,503148.7316057992,778767.6385514581,96212.74293295048,2633110.9977100072
COCOMO81,LR,semilog,MMRE,11.432886361700309,31.562718306159447,44.576569398217984,7.951898777513128,152.56980599500102
COCOMO81,LR,semilog,MdMRE,0.9565704653039593,0.9063033518135223,0.17687338692716548,0.6850374951377207,1.2172781476350605
COCOMO81,LR,semilog,PRED25,14.523809523809522,15.095238095238091,2.0974014805281174,12.619047619047617,19.047619047619044
COCOMO81,LR,semilog,SA,-3395.4772853751974,-11680.21918874145,19274.483670526806,-65804.36137135533,-2464.83703496665
COCOMO81,DT,semilog,MAE,792.4680952380957,564.6267380952384,122.98954613074177,394.87619047619035,792.4680952380957
COCOMO81,DT,semilog,RMSE,1532.2409298580842,1059.2561532821983,252.29803190055387,724.2568384326071,1532.2409298580842
COCOMO81,DT,semilog,MMRE,1.4349910619364965,1.3145378771087752,0.2220553025023521,0.9321149165310085,1.6352027518669061
COCOMO81,DT,semilog,MdMRE,0.7906537254473921,0.7737747466352853,0.06588946455691874,0.692716083364337,0.9148466605341563
COCOMO81,DT,semilog,PRED25,12.857142857142856,14.904761904761903,4.133389412732485,7.857142857142856,20.714285714285715
COCOMO81,DT,semilog,SA,28.95758318575198,54.45739435509038,11.407608762280006,28.95758318575198,67.17638557285835
COCOMO81,RF,semilog,MAE,458.6487471559634,442.83133973070187,13.404066959778813,427.50873380185504,465.44218477032007
COCOMO81,RF,semilog,RMSE,974.1666269647097,871.7660186463442,55.947536811515036,805.7770239588996,974.1666269647097
COCOMO81,RF,semilog,MMRE,0.7557106147090689,0.8134349862307747,0.06337681856761747,0.7383226765337818,0.9509808443979291
COCOMO81,RF,semilog,MdMRE,0.564011700105551,0.5977153958643762,0.05774832218567285,0.5242962468739502,0.7290753011331418
COCOMO81,RF,semilog,PRED25,17.14285714285714,18.02380952380952,2.4463247766959193,12.857142857142856,20.95238095238095
COCOMO81,RF,semilog,SA,65.1924457499928,69.06390589131338,2.2787348597468275,65.1924457499928,71.97244164056839
COCOMO81,KNN,semilog,MAE,567.6064793261012,579.4657144190462,15.778595094504134,546.5557729427368,601.7850253399822
COCOMO81,KNN,semilog,RMSE,1143.4071840906897,1118.797390304076,77.42768746830961,983.0566475286676,1204.9461039910354
COCOMO81,KNN,semilog,MMRE,1.862472391155362,2.0373004641601646,0.19631639458012445,1.862472391155362,2.4695095991463303
COCOMO81,KNN,semilog,MdMRE,0.8278278277775692,0.9615058928842481,0.1272471963174123,0.8120569383799475,1.1196557999071026
COCOMO81,KNN,semilog,PRED25,9.285714285714283,12.714285714285712,2.562398410377407,9.285714285714283,16.19047619047619
COCOMO81,KNN,semilog,SA,56.18481452184128,58.28936918626444,2.6362158977832797,55.77004528204852,63.683972099539325
COCOMO81,SVR,semilog,MAE,582.1127245676031,592.0890881365134,12.489661847596542,576.9852086063794,612.4676668250721
COCOMO81,SVR,semilog,RMSE,1207.4971046708145,1170.945212570578,73.51603827407234,1063.1420816811606,1249.4273346421073
COCOMO81,SVR,semilog,MMRE,1.963353977663239,2.2052456451022806,0.25714499842224264,1.963353977663239,2.6898830487798575
COCOMO81,SVR,semilog,MdMRE,0.7990595822782677,1.0143777272820238,0.18799100852156936,0.7990595822782677,1.324990783324754
COCOMO81,SVR,semilog,PRED25,9.523809523809522,8.214285714285714,2.446839684042539,4.523809523809524,12.619047619047617
COCOMO81,SVR,semilog,SA,56.79812602695889,58.37340769882417,2.2184562250116273,55.7111457795569,61.71572045038797
COCOMO81,LR,loglog,MAE,268.95029847771883,282.036762316595,23.457937081773554,248.7117694937299,329.8899607190159
COCOMO81,LR,loglog,RMSE,541.8414291297424,549.3271624068317,63.758274914848315,437.88104527385366,667.715373238461
COCOMO81,LR,loglog,MMRE,0.4502098025258137,0.47496217330103685,0.02706402945663324,0.4455004411770028,0.5160462349644714
COCOMO81,LR,loglog,MdMRE,0.3110120862844837,0.33632411526263417,0.029841784459909242,0.3034396090728527,0.397019069128324
COCOMO81,LR,loglog,PRED25,44.52380952380952,39.88095238095238,3.728047359224776,33.80952380952381,44.76190476190476
COCOMO81,LR,loglog,SA,78.20469567894693,78.02805734143885,2.4974936945014345,74.26538589531857,81.93969154377321
COCOMO81,DT,loglog,MAE,792.1347619047622,564.9793571428572,122.39314716711081,395.29047619047606,792.1347619047622
COCOMO81,DT,loglog,RMSE,1531.8518865419924,1059.3173918864125,252.16653960678903,724.3291696098102,1531.8518865419924
COCOMO81,DT,loglog,MMRE,1.4306200793836956,1.3253417600944766,0.21084182200723,1.0240341084502005,1.6352027518669061
COCOMO81,DT,loglog,MdMRE,0.7789463353407926,0.7783081259705604,0.07335073485927493,0.6661957256992824,0.9061640901494583
COCOMO81,DT,loglog,PRED25,12.857142857142856,14.904761904761903,4.133389412732485,7.857142857142856,20.714285714285715
COCOMO81,DT,loglog,SA,28.99294950777291,54.43196058627393,11.35466421678406,28.99294950777291,67.1276534190592
COCOMO81,RF,loglog,MAE,458.7203823004208,442.4909826773941,12.765569151923867,428.06676138362,462.8604796268122
COCOMO81,RF,loglog,RMSE,974.0260811635546,870.803968157799,55.10196314125378,807.5493067933661,974.0260811635546
COCOMO81,RF,loglog,MMRE,0.7718413537170156,0.8265090037992305,0.061851015541525396,0.7531645811881988,0.9678801874656704
COCOMO81,RF,loglog,MdMRE,0.578367155872467,0.6107019308515571,0.06522028834636058,0.5255089985729375,0.7595914052425938
COCOMO81,RF,loglog,PRED25,18.809523809523807,17.547619047619044,1.6189309014885123,14.523809523809522,19.76190476190476
COCOMO81,RF,loglog,SA,65.17494952149852,69.06842468171226,2.210217183533459,65.17494952149852,71.82489972462213
COCOMO81,KNN,loglog,MAE,603.8331564614912,598.0582310199173,10.343735318967903,579.9971247233404,608.482594911668
COCOMO81,KNN,loglog,RMSE,1225.5877315627426,1170.8139018337001,75.35446783164878,1059.1972572167824,1253.610586026855
COCOMO81,KNN,loglog,MMRE,1.6090231775018389,1.7256201393115096,0.08507628127232338,1.6090231775018389,1.8126655701127472
COCOMO81,KNN,loglog,MdMRE,0.8907718555372593,0.9503858830579548,0.08998893155161418,0.810040477676678,1.1375541873790707
COCOMO81,KNN,loglog,PRED25,7.857142857142856,12.166666666666664,3.530541974172421,7.857142857142856,16.190476190476186
COCOMO81,KNN,loglog,SA,54.760960105363424,57.547553450489524,2.2744388009717973,54.760960105363424,60.75505399704481
COCOMO81,SVR,loglog,MAE,538.4519955833397,543.8471392666239,11.341736014925601,527.5077292094982,561.4394679977347
COCOMO81,SVR,loglog,RMSE,1153.4971580248443,1108.3433881717915,71.85895628390045,1000.1497904296923,1184.6472961395848
COCOMO81,SVR,loglog,MMRE,1.1061646332426671,1.239166561484427,0.15880925533645107,1.1061646332426671,1.5433633196716021
COCOMO81,SVR,loglog,MdMRE,0.5993517812910725,0.722395266950704,0.07612711410250379,0.5993517812910725,0.8375610419465552
COCOMO81,SVR,loglog,PRED25,25.71428571428571,20.809523809523807,2.6494150963436605,16.190476190476186,25.71428571428571
COCOMO81,SVR,loglog,SA,60.815534356494666,62.70799976314049,2.1652900738786784,60.34777704509595,66.15945375255512
NASA93,LR,raw,MAE,438.02325191896,446.3244675240924,14.517091223193017,424.0597214894325,471.20581450477005
NASA93,LR,raw,RMSE,676.8248178142488,711.7500121343403,38.12467803480721,656.3200947447988,779.4007366054775
NASA93,LR,raw,MMRE,2.7255783465494337,2.7100682113097885,0.0842814676868592,2.581676119772631,2.8299038669655023
NASA93,LR,raw,MdMRE,0.9070226999968909,1.0343501672666862,0.19989967587754806,0.7505165095154063,1.440324253007881
NASA93,LR,raw,PRED25,24.88888888888889,24.633333333333333,1.5999399851570213,21.333333333333332,26.888888888888886
NASA93,LR,raw,SA,50.842233756146996,47.58297903853526,2.315649197472463,43.99918409230289,50.842233756146996
NASA93,DT,raw,MAE,438.184,414.67344444444444,37.567949173137535,364.94166666666666,481.1091111111111
NASA93,DT,raw,RMSE,720.7794139800721,769.5102779196175,83.96662481576386,671.5206787452942,964.7443697648025
NASA93,DT,raw,MMRE,1.6253247506251234,1.1441136201834632,0.30498400385901636,0.8388326004748304,1.6253247506251234
NASA93,DT,raw,MdMRE,0.4891631025887045,0.4484863074529371,0.026670244717610612,0.4049046793953134,0.4891631025887045
NASA93,DT,raw,PRED25,32.55555555555556,34.722222222222214,2.5000685861648133,31.111111111111107,39.55555555555556
NASA93,DT,raw,SA,52.54304249231743,53.89709520970784,4.374859911706094,44.88902097202742,59.39130179684315
NASA93,RF,raw,MAE,331.0068188888889,323.6901893015873,17.69690147016831,295.11233,354.82704866666666
NASA93,RF,raw,RMSE,618.5900010724393,596.8126065902542,24.06739092242894,557.7529107666072,646.6420915397891
NASA93,RF,raw,MMRE,1.4649910682212377,1.2510300591574015,0.14155452884236813,1.1030047808671068,1.4649910682212377
NASA93,RF,raw,MdMRE,0.3641555966531737,0.34648229636347494,0.033317927122299806,0.2958050309771606,0.4046235602131234
NASA93,RF,raw,PRED25,40.66666666666667,42.63333333333334,3.8911986086290917,38.888888888888886,51.88888888888889
NASA93,RF,raw,SA,61.33311350986975,62.94586729053758,2.1242929482803277,58.105991254616846,65.59780300804722
NASA93,KNN,raw,MAE,457.18897777777784,461.7400022222222,22.277361702769973,424.9912666666667,495.9734888888888
NASA93,KNN,raw,RMSE,767.1360499485729,793.317200488357,39.03055745547579,730.7799008941739,859.0015627803014
NASA93,KNN,raw,MMRE,1.4824599370641134,1.5515561269730733,0.12835917064571237,1.281379116303443,1.7406596658065454
NASA93,KNN,raw,MdMRE,0.65705066278297,0.6962517805053605,0.07239133051994137,0.6161797837925292,0.8416150932880824
NASA93,KNN,raw,PRED25,10.777777777777777,11.61111111111111,1.5264022988885095,8.777777777777777,14.0
NASA93,KNN,raw,SA,49.87943296378144,47.4040516200762,3.0394337445204003,42.77886431917,51.57901709990731
NASA93,SVR,raw,MAE,548.4535730720354,539.3467258439066,5.7936705184551425,529.1460322336574,548.4535730720354
NASA93,SVR,raw,RMSE,907.8067135754281,944.3948434242441,27.010182706253282,905.8930886975138,986.5549767663267
NASA93,SVR,raw,MMRE,2.8742023824351577,2.9045594561358397,0.059324290485287055,2.825630849939624,3.0140435962101697
NASA93,SVR,raw,MdMRE,1.089959352118206,1.1536120400306327,0.16379859142734912,0.8847862742186392,1.4271182300808585
NASA93,SVR,raw,PRED25,9.777777777777777,10.344444444444445,2.1369118648751453,6.444444444444445,14.0
NASA93,SVR,raw,SA,42.46500679476706,41.12179057661085,1.307095795523876,39.57223971734952,43.25071351713754
NASA93,LR,semilog,MAE,882.7292843740628,1897.9539213762484,1115.0332569808377,882.7292843740628,4683.355837563575
NASA93,LR,semilog,RMSE,2065.3224661680097,5183.118637701698,3300.31351367434,2065.3224661680097,13367.0639138709
NASA93,LR,semilog,MMRE,1.3625300618480436,1.5180191123793727,0.24050000095516966,1.2537937909522712,2.077074067894375
NASA93,LR,semilog,MdMRE,0.5276887517813603,0.5650474165785278,0.05503441700167322,0.5096486667504647,0.6891571583818056
NASA93,LR,semilog,PRED25,18.0,22.0,3.5551697321530242,17.0,29.111111111111107
NASA93,LR,semilog,SA,22.45677731058492,-89.55126354063927,104.14228537065252,-327.36027119264486,22.45677731058492
NASA93,DT,semilog,MAE,422.9173278856022,412.20206194529976,23.86504619044819,385.35229024326173,466.6053333333333
NASA93,DT,semilog,RMSE,745.6529475443978,769.0921250535171,53.731414423329376,721.0418855992755,877.7591524407022
NASA93,DT,semilog,MMRE,1.3961655262060422,1.0748221905948234,0.2719528085899919,0.7661364250326127,1.4978763034021878
NASA93,DT,semilog,MdMRE,0.4727607621324578,0.42947084072184893,0.051359409081315026,0.3665709571033087,0.5377600752187934
NASA93,DT,semilog,PRED25,32.222222222222214,36.15555555555555,3.60847957296868,29.77777777777778,42.11111111111111
NASA93,DT,semilog,SA,53.34624674636564,54.193629840083574,3.2421473443509354,46.076588326465185,57.827537034160194
NASA93,RF,semilog,MAE,312.5489667579249,298.59888058667866,12.237902958999058,283.0495227763796,317.71997361282234
NASA93,RF,semilog,RMSE,603.7785098567242,579.353620527887,25.079247577487795,554.2207794728419,626.6541232421338
NASA93,RF,semilog,MMRE,0.6395690723941517,0.596010858901375,0.03303444240286991,0.5578244591356974,0.6561886423246126
NASA93,RF,semilog,MdMRE,0.3817342366528926,0.33966672796355585,0.025541327557756153,0.3039223833658733,0.3817342366528926
NASA93,RF,semilog,PRED25,38.666666666666664,41.71111111111111,2.254214160518359,37.888888888888886,44.44444444444444
NASA93,RF,semilog,SA,65.83731678440209,67.43641198741965,1.2551412220054536,65.58488252288616,68.93473827215433
NASA93,KNN,semilog,MAE,434.54871880948195,429.51520544176253,12.24951212845741,412.52477887740497,453.65747861342817
NASA93,KNN,semilog,RMSE,758.141850902081,771.2089412670678,19.592415398992852,743.7445216318611,813.822438664715
NASA93,KNN,semilog,MMRE,0.8975832926509634,0.9442139616688247,0.06974362884851651,0.8791800108203083,1.0848830138275987
NASA93,KNN,semilog,MdMRE,0.6217779330220614,0.6111414032453505,0.02683505212188544,0.5810619895832343,0.6772819488990073
NASA93,KNN,semilog,PRED25,17.333333333333332,18.31111111111111,3.629931960197779,11.666666666666668,24.333333333333332
NASA93,KNN,semilog,SA,54.06584494998041,52.829230784409575,1.4222723809181899,50.74450529263842,55.725369012239334
NASA93,SVR,semilog,MAE,399.5775840456074,388.4106324701071,8.402290535454167,376.99047976384486,402.36043705750745
NASA93,SVR,semilog,RMSE,718.7843929139036,721.1910137184816,16.243415832755268,698.5320284287751,758.7368788907463
NASA93,SVR,semilog,MMRE,1.530686700881549,1.4281192688947755,0.0796513572650298,1.3404883204313436,1.5416232931834521
NASA93,SVR,semilog,MdMRE,0.6116528974254802,0.641253922196575,0.028288667736081907,0.5979957791219098,0.6843367918078229
NASA93,SVR,semilog,PRED25,23.666666666666668,23.34444444444444,1.4716805432563063,21.44444444444444,26.555555555555554
NASA93,SVR,semilog,SA,57.22853385572446,57.71909426419595,0.9573317808272096,55.262700257175915,58.61855101551929
NASA93,LR,loglog,MAE,228.15261878325973,254.6937739764077,24.81771545614508,228.15261878325973,300.0466932643958
NASA93,LR,loglog,RMSE,421.60488680710597,481.31846908744967,70.85001240111514,412.81353990524957,607.0349142733968
NASA93,LR,loglog,MMRE,0.6083409267119301,0.6118013141868797,0.021959794288914487,0.5753207619763181,0.6435495844816838
NASA93,LR,loglog,MdMRE,0.28877698229802723,0.2949829022487295,0.018119556482304063,0.25921110154208743,0.3181689355974344
NASA93,LR,loglog,PRED25,46.11111111111111,46.86666666666666,2.5834760348214143,42.888888888888886,51.55555555555556
NASA93,LR,loglog,SA,73.64061155501427,70.66419202891511,3.238119120293341,65.78373394758133,73.67497086683522
NASA93,DT,loglog,MAE,422.94399455226886,413.9613063897441,25.56297947930174,385.35229024326173,472.9586666666667
NASA93,DT,loglog,RMSE,745.6529894204997,770.2932030751093,53.93864964361794,721.0418855992755,877.7591524407022
NASA93,DT,loglog,MMRE,1.3993401293806453,1.0803715088858137,0.2720105438636355,0.7670956576465215,1.512700383296035
NASA93,DT,loglog,MdMRE,0.4727607621324578,0.4368963715434832,0.04955711343787815,0.3665709571033087,0.5377600752187934
NASA93,DT,loglog,PRED25,31.111111111111107,35.58888888888889,3.4987946190092694,29.77777777777778,40.99999999999999
NASA93,DT,loglog,SA,53.34288335887386,53.96572712103466,3.3484124457355464,45.6045115123491,57.827537034160194
NASA93,RF,loglog,MAE,311.94777198592635,297.6907336546942,12.264844703065448,281.9214674362103,316.21633719953167
NASA93,RF,loglog,RMSE,603.3113924153239,577.8262466298534,25.04458960655597,553.5903649396669,625.3842417620451
NASA93,RF,loglog,MMRE,0.645025325716406,0.5977747375419885,0.03340656640861786,0.5591814411676294,0.6562959265641192
NASA93,RF,loglog,MdMRE,0.38393962600580717,0.33796409468875294,0.028034435946771987,0.2995719749079634,0.38393962600580717
NASA93,RF,loglog,PRED25,38.666666666666664,41.47777777777778,2.778049369438885,36.77777777777778,45.44444444444444
NASA93,RF,loglog,SA,65.8477226791618,67.52748945401353,1.2751059289353275,65.65922541819953,69.06177764363662
NASA93,KNN,loglog,MAE,456.38769861820157,441.5019168944332,9.926366151416527,431.54039200191164,459.24875486578776
NASA93,KNN,loglog,RMSE,792.9807424956969,820.1385527436062,25.411853993465527,787.3699488555723,861.9384153102989
NASA93,KNN,loglog,MMRE,0.8980130632169725,0.8877520079742531,0.05862006440863876,0.7757587327102765,1.0013782586719975
NASA93,KNN,loglog,MdMRE,0.5838617020441801,0.5995809038205208,0.029727186066520892,0.5428377454806526,0.6419657088777091
NASA93,KNN,loglog,PRED25,18.22222222222222,21.544444444444444,3.885342298133145,15.333333333333334,26.333333333333325
NASA93,KNN,loglog,SA,52.847949968126706,51.92054935586003,1.291823765833936,49.67182934630757,54.12790730017464
NASA93,SVR,loglog,MAE,357.91485817723327,344.8565624150391,8.163949876489594,333.6867191609964,357.91485817723327
NASA93,SVR,loglog,RMSE,679.2085102817657,682.0078554233526,16.41471024808565,662.2332045247497,714.3005476005868
NASA93,SVR,loglog,MMRE,1.0150515399859292,0.9130000926130564,0.07766488900970411,0.8289661807341118,1.0252085049237616
NASA93,SVR,loglog,MdMRE,0.4261714420287069,0.40658023360139256,0.02114369987161798,0.3604465193981792,0.429123460715264
NASA93,SVR,loglog,PRED25,28.666666666666668,35.71111111111111,2.9819760344373734,28.666666666666668,38.77777777777778
NASA93,SVR,loglog,SA,63.10571816716451,63.22134983386301,0.9869161323306854,61.21947376938872,64.73327001892571
Desharnais,LR,raw,MAE,2242.659463581979,2171.822948313401,118.56448623052258,2015.5280954530194,2386.720975990035
Desharnais,LR,raw,RMSE,3049.2901184486036,2847.0526923288803,161.3957863348076,2646.6977927852026,3053.3869342456865
Desharnais,LR,raw,MMRE,0.7632956285919195,0.730558520698587,0.058278842335601655,0.6225639740476689,0.8016294697426358
Desharnais,LR,raw,MdMRE,0.3651643653252844,0.4316495349928431,0.05983996690198372,0.3651643653252844,0.5502720746556837
Desharnais,LR,raw,PRED25,29.107142857142854,29.5,2.8717385128468425,26.249999999999993,34.82142857142857
Desharnais,LR,raw,SA,44.28572622623929,47.26124997089023,3.3846532859076093,42.98516437312248,52.09632445971132
Desharnais,DT,raw,MAE,2429.530357142857,2596.8321428571426,300.4798882663379,2313.6053571428574,3182.2
Desharnais,DT,raw,RMSE,3656.29200933214,3814.306294376233,456.5895898884264,3135.0326551942276,4810.745300234317
Desharnais,DT,raw,MMRE,0.6174928262184252,0.636163336859409,0.10933873114614083,0.4684238497626335,0.8784174115766353
Desharnais,DT,raw,MdMRE,0.35490732932143776,0.39856147735883946,0.0529458228214246,0.35490732932143776,0.535243987033559
Desharnais,DT,raw,PRED25,36.07142857142857,34.607142857142854,3.4119139002303456,29.999999999999993,38.92857142857142
Desharnais,DT,raw,SA,41.98717810800594,37.88728795827883,7.908732254702268,23.513336979894795,46.55414951287274
Desharnais,RF,raw,MAE,2175.091375,2144.7527839285713,69.88271098086035,2030.8266607142862,2254.07125
Desharnais,RF,raw,RMSE,3153.2761290936014,3020.5498518711347,128.97978642520948,2806.2847506394837,3242.390879029578
Desharnais,RF,raw,MMRE,0.6396188538460168,0.6293687413642813,0.014047110115700156,0.5995094415977094,0.6458896811898175
Desharnais,RF,raw,MdMRE,0.37341202341778457,0.3923919790015692,0.03451863351902018,0.35990967456290696,0.4717585906670023
Desharnais,RF,raw,PRED25,31.607142857142854,33.07142857142857,2.4365531767683537,27.14285714285714,35.89285714285714
Desharnais,RF,raw,SA,47.6779015465447,49.03692312755784,2.4331497345439788,45.455572330284305,52.762490416913046
Desharnais,KNN,raw,MAE,2173.921071428572,2103.052642857143,51.28402630423956,2032.6735714285714,2173.921071428572
Desharnais,KNN,raw,RMSE,3135.692195780123,2942.361118653126,115.65097577496145,2762.935660296188,3135.692195780123
Desharnais,KNN,raw,MMRE,0.6261298965595654,0.6078418364604368,0.030207353707104905,0.5727474654828434,0.668505798769948
Desharnais,KNN,raw,MdMRE,0.35884354599113055,0.39281897109059344,0.04131602854608408,0.3377768921151585,0.46836212247585574
Desharnais,KNN,raw,PRED25,36.25,34.80357142857143,1.7383602211576843,31.428571428571434,36.607142857142854
Desharnais,KNN,raw,SA,48.495247878778656,50.284203311374334,1.5727881800641548,47.904713801599925,52.549384340386815
Desharnais,SVR,raw,MAE,2790.2641434153975,2770.047862516533,34.393073447991334,2710.048611876502,2802.1925446017462
Desharnais,SVR,raw,RMSE,3876.8983433392546,3896.690952552565,77.71683488711234,3763.4571769839577,3983.722605628166
Desharnais,SVR,raw,MMRE,0.8386916796826943,0.8426356426206094,0.013013290274647399,0.8201757228702167,0.8683809090723816
Desharnais,SVR,raw,MdMRE,0.46153390789463683,0.49174089927064246,0.04389135949321902,0.46153390789463683,0.6019097689964513
Desharnais,SVR,raw,PRED25,27.857142857142854,27.75,1.4090934027547921,25.535714285714285,30.892857142857146
Desharnais,SVR,raw,SA,36.93269664018645,36.3082441145334,1.0371818284839491,35.06306741960194,38.033185404082815
Desharnais,LR,semilog,MAE,1917.3252455041318,2001.8753498023154,73.77180522144529,1890.297796135724,2106.4552857508875
Desharnais,LR,semilog,RMSE,2846.3224848265686,2946.358713940663,191.89902665419723,2721.804769478182,3287.191751543677
Desharnais,LR,semilog,MMRE,0.4039549693194721,0.40741920035022333,0.011370470788325322,0.3859017987668142,0.4207779059445163
Desharnais,LR,semilog,MdMRE,0.33113783505757854,0.32839386080193234,0.019029081175888068,0.30241721637872876,0.3616785978581162
Desharnais,LR,semilog,PRED25,40.53571428571429,39.80357142857142,1.7925464538236215,37.5,43.03571428571428
Desharnais,LR,semilog,SA,54.00826737637701,53.72950999964037,1.9036406428146007,50.78016743779662,56.790324929260805
Desharnais,DT,semilog,MAE,2607.2321428571427,2506.6310714285714,137.19817314123995,2286.3178571428575,2670.7500000000005
Desharnais,DT,semilog,RMSE,4090.3174763281613,3687.13423615765,231.31207137316403,3342.846567583036,4090.3174763281613
Desharnais,DT,semilog,MMRE,0.5998314225360308,0.6156809923314943,0.07198921003017747,0.5199917429748115,0.7531865364350779
Desharnais,DT,semilog,MdMRE,0.3725022599247383,0.4158744375342273,0.038187616571817656,0.3725022599247383,0.47901338720602027
Desharnais,DT,semilog,PRED25,40.535714285714285,34.01785714285714,2.5074294368839953,31.249999999999993,40.535714285714285
Desharnais,DT,semilog,SA,37.470787908005285,39.67823517255003,3.113149742655522,35.96436512708449,44.33870809230419
Desharnais,RF,semilog,MAE,1945.3945162465625,1982.8086078580466,43.96040956198001,1890.9954340149502,2031.8509385672212
Desharnais,RF,semilog,RMSE,2922.5766169615754,2864.8731890398435,125.1791593865831,2711.1274838020645,3059.357398234941
Desharnais,RF,semilog,MMRE,0.4638654211871195,0.47697771988231247,0.018068758982122568,0.4527505877425857,0.5103355142480595
Desharnais,RF,semilog,MdMRE,0.32885328662143054,0.3439828571791708,0.0166824516630835,0.32305232739583584,0.37055489051702545
Desharnais,RF,semilog,PRED25,38.92857142857142,37.23214285714285,2.2747909873834935,32.32142857142857,39.99999999999999
Desharnais,RF,semilog,SA,54.28888526070464,53.67893795390046,1.1326738483675858,51.28537008398956,55.00295444904126
Desharnais,KNN,semilog,MAE,2062.7138328452597,1981.0103655070805,54.423621372944915,1907.1150132006085,2065.854763375516
Desharnais,KNN,semilog,RMSE,3077.799966534195,2859.8380656798518,121.39505875433234,2701.809289672488,3077.799966534195
Desharnais,KNN,semilog,MMRE,0.5293153814113039,0.5074254254217546,0.028579792372558487,0.4664411552315221,0.5701456093145753
Desharnais,KNN,semilog,MdMRE,0.34282859211755295,0.34810785560208674,0.03767616605569084,0.3057293508769958,0.4219716546291927
Desharnais,KNN,semilog,PRED25,38.57142857142857,37.98214285714285,2.3884554397675295,34.107142857142854,41.07142857142857
Desharnais,KNN,semilog,SA,51.79946166990281,53.86426929855704,1.5675586878098264,51.79946166990281,57.13409785123953
Desharnais,SVR,semilog,MAE,1909.5694360499124,1958.4339568013802,42.01705604130334,1909.5694360499124,2037.0917702577094
Desharnais,SVR,semilog,RMSE,2936.4439765794677,2963.9311687464833,89.72788370967639,2888.389804454727,3138.4571378685164
Desharnais,SVR,semilog,MMRE,0.41951181789635933,0.4435162694607966,0.024929071447728896,0.41951181789635933,0.5065153135701863
Desharnais,SVR,semilog,MdMRE,0.35595019803583255,0.34856694225371915,0.020025599125573654,0.3207532093134336,0.37503057987743116
Desharnais,SVR,semilog,PRED25,40.17857142857143,39.46428571428571,1.5860610231516945,37.14285714285714,41.25
Desharnais,SVR,semilog,SA,56.5174242945949,55.28861592434462,1.0293013144401415,53.10845388235013,56.5174242945949
Desharnais,LR,loglog,MAE,1777.9769582174358,1809.1202746157974,51.20362827181899,1734.5739144899167,1876.3138372819237
Desharnais,LR,loglog,RMSE,2553.3293207407414,2533.7527025990544,123.09133362175535,2340.512677907668,2742.1183193526513
Desharnais,LR,loglog,MMRE,0.3751182780612465,0.3807806496789577,0.01131846867534147,0.36733386349334773,0.4006830855325784
Desharnais,LR,loglog,MdMRE,0.3128237824256024,0.3281735866427622,0.017235778590529324,0.2960586253307277,0.35354146620931215
Desharnais,LR,loglog,PRED25,38.21428571428571,36.37499999999999,2.5436244829384855,32.32142857142857,40.17857142857142
Desharnais,LR,loglog,SA,56.467999406322406,56.840657553034234,1.8054813021091987,53.7443866622257,59.22730734759752
Desharnais,DT,loglog,MAE,2599.8821428571428,2503.8260714285716,137.69804429179712,2285.9178571428574,2673.4625000000005
Desharnais,DT,loglog,RMSE,4089.549816050848,3686.2444115428275,231.44932122882227,3342.6358718971073,4089.549816050848
Desharnais,DT,loglog,MMRE,0.5966006533052616,0.6150411107203646,0.07229862219550971,0.5197785233586069,0.7531865364350779
Desharnais,DT,loglog,MdMRE,0.3725022599247383,0.4137623919293779,0.03930303022586388,0.372458228671669,0.4803314144169047
Desharnais,DT,loglog,PRED25,41.785714285714285,34.285714285714285,2.8171808490950565,31.249999999999993,41.785714285714285
Desharnais,DT,loglog,SA,37.63688525090632,39.74845546874215,3.0783433133996954,35.96436512708449,44.3471870972497
Desharnais,RF,loglog,MAE,1949.0377567593987,1982.285524927304,44.63648384834158,1889.323208873321,2029.3346653534397
Desharnais,RF,loglog,RMSE,2927.483447830902,2866.441114979433,125.48347491440921,2710.984554474641,3061.3287014843672
Desharnais,RF,loglog,MMRE,0.46623174484402263,0.4777371856662958,0.018046172926284455,0.4531419315144598,0.5099741866936537
Desharnais,RF,loglog,MdMRE,0.33013265606371434,0.34433616625717767,0.01669641007498967,0.32268266767474363,0.3698656146803164
Desharnais,RF,loglog,PRED25,37.49999999999999,37.10714285714285,2.3761857047380266,32.32142857142857,39.99999999999999
Desharnais,RF,loglog,SA,54.205790293164036,53.690336142746574,1.1541927473735636,51.26357363425554,55.11313191151021
Desharnais,KNN,loglog,MAE,1997.6222574170793,1935.6612795045162,55.708391275641496,1861.458608261601,2013.4333604224983
Desharnais,KNN,loglog,RMSE,3013.6182797775646,2809.7176418831377,95.14287945054832,2718.699796859094,3013.6182797775646
Desharnais,KNN,loglog,MMRE,0.5269797722240469,0.5051562508689321,0.02461665842008649,0.46818749263026743,0.558639471535484
Desharnais,KNN,loglog,MdMRE,0.3253162324997678,0.3402963689435087,0.04313590035423899,0.29975931426471186,0.4151659756444013
Desharnais,KNN,loglog,PRED25,37.32142857142857,39.17857142857142,1.9181080058212212,35.71428571428571,41.42857142857142
Desharnais,KNN,loglog,SA,52.93576467688772,54.707670668766205,1.2710886366734424,52.93576467688772,56.69554901887718
Desharnais,SVR,loglog,MAE,1859.392750675081,1916.4715258293897,43.60374968960937,1859.392750675081,1982.111211123845
Desharnais,SVR,loglog,RMSE,2888.6274920967717,2926.3283925051787,94.58288045134114,2829.5532882688412,3103.4110121144527
Desharnais,SVR,loglog,MMRE,0.3957211251062173,0.4199519690891428,0.020954881833581494,0.3957211251062173,0.47107401373433955
Desharnais,SVR,loglog,MdMRE,0.3140012544932505,0.3302024465403289,0.025039684061397238,0.2918737117427775,0.36577860585564104
Desharnais,SVR,loglog,PRED25,46.60714285714285,42.98214285714285,3.911443542935162,36.24999999999999,49.285714285714285
Desharnais,SVR,loglog,SA,57.65274755627706,56.22471695757979,1.2302704068040233,53.57770235086404,57.65274755627706
