dataset,spec,seed,LR_mean_MAE,LR_max_fold_MAE,worst_project_row,worst_project_actual,worst_project_pred,size[loc],size[equivphyskloc],size[PointsAdjust],size[PointsNonAjust]
COCOMO81,raw,42,975.2553949870464,1545.5513259601146,17,11400.0,2537.185662853488,320.0,,,
COCOMO81,raw,43,968.783039145085,1940.2826736254103,17,11400.0,2670.2033622274807,320.0,,,
COCOMO81,raw,44,976.0692178945152,2642.752297800224,17,11400.0,2635.247411858766,320.0,,,
COCOMO81,raw,45,945.1206151523011,2049.6189158551,17,11400.0,2512.3071021581645,320.0,,,
COCOMO81,raw,46,1004.1841599232375,1863.9987564640844,17,11400.0,2316.8440674765584,320.0,,,
COCOMO81,raw,47,970.8313955243632,2184.946790802564,17,11400.0,2668.93437400133,320.0,,,
COCOMO81,raw,48,990.4549971152499,1938.2314999344908,17,11400.0,2402.558161748822,320.0,,,
COCOMO81,raw,49,990.8935780716818,2261.797447268674,17,11400.0,2288.9751185489536,320.0,,,
COCOMO81,raw,50,1069.5480056753247,1894.055422866511,17,11400.0,2523.6026863914885,320.0,,,
COCOMO81,raw,51,925.508687987016,1819.02117685312,17,11400.0,2482.1834792791087,320.0,,,
COCOMO81,semilog,42,63492.015245469345,630800.514792335,18,6600.0,3789077.4058119254,1150.0,,,
COCOMO81,semilog,43,57835.73895066624,573444.5642855444,18,6600.0,4020522.021556195,1150.0,,,
COCOMO81,semilog,44,349161.8118830742,3487385.8968008882,18,6600.0,20922348.978039313,1150.0,,,
COCOMO81,semilog,45,118530.7622342365,1181113.6175329252,18,6600.0,8270659.002304988,1150.0,,,
COCOMO81,semilog,46,90253.42055736837,897665.4837132711,18,6600.0,5392122.144276839,1150.0,,,
COCOMO81,semilog,47,77049.89385029064,765244.2595583099,18,6600.0,5362480.292156881,1150.0,,,
COCOMO81,semilog,48,77249.67497211247,768429.9827225888,18,6600.0,4616302.758596357,1150.0,,,
COCOMO81,semilog,49,87199.18558679288,867751.9611162682,18,6600.0,5212776.247601516,1150.0,,,
COCOMO81,semilog,50,995510.1785042512,9951291.363738252,18,6600.0,69653779.27987859,1150.0,,,
COCOMO81,semilog,51,39384.24539675509,389031.3742283595,18,6600.0,2339792.2415639595,1150.0,,,
COCOMO81,loglog,42,268.95029847771883,756.0249262037815,17,11400.0,6679.0611446916955,320.0,,,
COCOMO81,loglog,43,284.833814723743,915.2287281947428,17,11400.0,6363.219959147634,320.0,,,
COCOMO81,loglog,44,282.88671533982017,692.7650654308366,17,11400.0,6783.473803287963,320.0,,,
COCOMO81,loglog,45,278.7863190485888,1423.654114166375,17,11400.0,5806.238611488643,320.0,,,
COCOMO81,loglog,46,289.04719723361063,1064.758957160546,17,11400.0,5939.586837484284,320.0,,,
COCOMO81,loglog,47,250.3675331083591,1004.9677893692351,17,11400.0,6489.431423414533,320.0,,,
COCOMO81,loglog,48,288.48973716784474,1055.9381644561515,17,11400.0,5664.777639790938,320.0,,,
COCOMO81,loglog,49,248.7117694937299,1190.6469829574464,17,11400.0,7028.1786442998655,320.0,,,
COCOMO81,loglog,50,298.4042778535186,850.3262244032304,17,11400.0,6050.359071707672,320.0,,,
COCOMO81,loglog,51,329.8899607190159,1223.0107375765658,17,11400.0,5453.40726319325,320.0,,,
NASA93,raw,42,438.02325191896,901.2137482949418,89,8211.0,2858.3349098253802,,233.0,,
NASA93,raw,43,471.20581450477005,874.3217880410643,89,8211.0,2628.6337584366333,,233.0,,
NASA93,raw,44,424.0597214894325,844.2243460211114,89,8211.0,2690.1022705369573,,233.0,,
NASA93,raw,45,438.6710766078395,829.4996152836559,89,8211.0,2646.4166727861157,,233.0,,
NASA93,raw,46,438.2802840777834,841.521675032987,89,8211.0,2804.961850826349,,233.0,,
NASA93,raw,47,458.181541057092,746.3441759910854,89,8211.0,2719.8004504301102,,233.0,,
NASA93,raw,48,449.8569445601426,746.4334043987009,89,8211.0,2688.9082080491567,,233.0,,
NASA93,raw,49,433.8102079643912,971.1734581155781,89,8211.0,2985.3137010186165,,233.0,,
NASA93,raw,50,462.9532713759548,683.0904663355007,89,8211.0,2681.323123003281,,233.0,,
NASA93,raw,51,448.2025616845578,870.0530208723434,89,8211.0,2780.945336380456,,233.0,,
NASA93,semilog,42,882.7292843740628,5919.61789602378,58,4560.0,50019.79435850461,,980.0,,
NASA93,semilog,43,1109.3113476137682,7884.680990942885,58,4560.0,68234.90317273214,,980.0,,
NASA93,semilog,44,1618.0886657375231,12055.618021950355,58,4560.0,122835.39309616158,,980.0,,
NASA93,semilog,45,1661.3975633587736,12909.267425397438,58,4560.0,124015.16214186055,,980.0,,
NASA93,semilog,46,1124.9466719844163,7419.1434732666075,58,4560.0,68238.34867200309,,980.0,,
NASA93,semilog,47,2484.4371663926913,20769.085084315957,58,4560.0,190422.92793351458,,980.0,,
NASA93,semilog,48,1483.7950466239781,11349.616746611282,58,4560.0,104914.69310461717,,980.0,,
NASA93,semilog,49,1454.8146343585352,11184.733281416096,58,4560.0,102716.92759679677,,980.0,,
NASA93,semilog,50,2476.6629957551613,20130.739618904237,58,4560.0,185002.80379403383,,980.0,,
NASA93,semilog,51,4683.355837563575,43350.25287499737,58,4560.0,386027.2248985192,,980.0,,
NASA93,loglog,42,228.15261878325973,465.76671929973577,89,8211.0,5305.113777964672,,233.0,,
NASA93,loglog,43,234.34688996497206,542.6969593298143,89,8211.0,5048.873521889507,,233.0,,
NASA93,loglog,44,240.9527119288476,584.7413007241487,89,8211.0,4961.397920079645,,233.0,,
NASA93,loglog,45,239.3273161431311,558.110845614464,89,8211.0,5089.319307431561,,233.0,,
NASA93,loglog,46,281.1800085329545,728.294056242573,58,4560.0,9312.012297809792,,980.0,,
NASA93,loglog,47,300.0466932643958,776.558427780217,58,4560.0,10426.561334351276,,980.0,,
NASA93,loglog,48,237.72988639884434,411.5205932584333,89,8211.0,5443.18260231123,,233.0,,
NASA93,loglog,49,238.75774608557208,493.91876076492207,66,444.0,3226.397692869624,,339.0,,
NASA93,loglog,50,275.78842569064534,550.4737306591064,58,4560.0,7473.553443428649,,980.0,,
NASA93,loglog,51,270.6554429714543,583.3804499707084,58,4560.0,8847.390981256032,,980.0,,
Desharnais,raw,42,2242.659463581979,2804.0320967625935,40,2352.0,13858.64457868683,,,793.0,698.0
Desharnais,raw,43,2186.571729616805,3598.601355472171,40,2352.0,13231.293363687753,,,793.0,698.0
Desharnais,raw,44,2153.445233310472,3759.44386854869,40,2352.0,12855.849631071687,,,793.0,698.0
Desharnais,raw,45,2015.5280954530194,3713.7468465122465,40,2352.0,14147.976817685098,,,793.0,698.0
Desharnais,raw,46,2292.196714398922,3717.162033224044,40,2352.0,14956.316177911636,,,793.0,698.0
Desharnais,raw,47,2027.8976582208547,3525.650947039732,40,2352.0,12638.436029678905,,,793.0,698.0
Desharnais,raw,48,2220.321879180739,3243.2099509163368,40,2352.0,14280.796490770406,,,793.0,698.0
Desharnais,raw,49,2386.720975990035,4496.302548248534,40,2352.0,16584.676542809742,,,793.0,698.0
Desharnais,raw,50,2069.844773715007,3227.4150491571986,40,2352.0,13354.844259152153,,,793.0,698.0
Desharnais,raw,51,2123.0429596661743,3490.3336842967756,40,2352.0,13798.00143436048,,,793.0,698.0
Desharnais,semilog,42,1917.3252455041318,2586.3739965270743,76,23940.0,38122.223123799806,,,1127.0,1116.0
Desharnais,semilog,43,2008.5521781583836,4973.7711546948185,76,23940.0,40952.1968771597,,,1127.0,1116.0
Desharnais,semilog,44,2053.8124461055695,5371.648618585467,76,23940.0,48689.62808431561,,,1127.0,1116.0
Desharnais,semilog,45,1966.4316048513817,3326.6704446558456,76,23940.0,40822.1615256975,,,1127.0,1116.0
Desharnais,semilog,46,2106.4552857508875,4431.948379623553,76,23940.0,50395.46071248823,,,1127.0,1116.0
Desharnais,semilog,47,1944.442461945938,5636.186029856244,76,23940.0,45869.31346268297,,,1127.0,1116.0
Desharnais,semilog,48,2073.695632654206,4937.168349322935,76,23940.0,47654.606466108686,,,1127.0,1116.0
Desharnais,semilog,49,1981.2635915784297,4373.052946381076,76,23940.0,41351.40267214282,,,1127.0,1116.0
Desharnais,semilog,50,2076.477255338502,4691.010414858477,76,23940.0,54776.87758741383,,,1127.0,1116.0
Desharnais,semilog,51,1890.297796135724,3394.2827051466247,76,23940.0,39226.00140577382,,,1127.0,1116.0
Desharnais,loglog,42,1777.9769582174358,2361.020445031265,38,8050.0,17480.552439429397,,,447.0,523.0
Desharnais,loglog,43,1875.283978614641,3664.1211692534257,38,8050.0,20627.95796715639,,,447.0,523.0
Desharnais,loglog,44,1734.5739144899167,3059.219007561384,38,8050.0,17041.81395220416,,,447.0,523.0
Desharnais,loglog,45,1854.6799549382863,3047.738105420208,38,8050.0,22220.105991871533,,,447.0,523.0
Desharnais,loglog,46,1806.287927678351,3175.164202982548,38,8050.0,16906.407453026597,,,447.0,523.0
Desharnais,loglog,47,1758.4740122778858,3885.9908251960114,38,8050.0,19261.4254812258,,,447.0,523.0
Desharnais,loglog,48,1876.3138372819237,3236.8532489863055,38,8050.0,20275.27505595758,,,447.0,523.0
Desharnais,loglog,49,1759.4052082465737,2999.205594247015,38,8050.0,16625.896531700346,,,447.0,523.0
Desharnais,loglog,50,1806.6779745456784,3155.890644193645,38,8050.0,19409.549174977994,,,447.0,523.0
Desharnais,loglog,51,1841.5289798672814,3198.456016643479,76,23940.0,11774.967727646308,,,1127.0,1116.0
