dataset,spec,algorithm,seed,MAE,RMSE,MMRE,MdMRE,PRED25,SA
COCOMO81,raw,LR,42,975.2553949870464,1422.8303404406586,19.429486371542716,7.278442865084624,7.619047619047618,2.850566863033093
COCOMO81,raw,LR,43,968.783039145085,1333.8397853478734,20.59694654840971,8.249621456135811,9.761904761904761,4.418363044422106
COCOMO81,raw,LR,44,976.0692178945152,1310.7289823212507,20.71469991943479,8.410945680591476,6.428571428571428,14.2531386417308
COCOMO81,raw,LR,45,945.1206151523011,1289.1846070058295,22.50501101418538,12.681638307411399,9.285714285714283,10.469792995818583
COCOMO81,raw,LR,46,1004.1841599232375,1372.1373303621137,20.055428828138027,9.215038567988254,6.19047619047619,5.547855347428934
COCOMO81,raw,LR,47,970.8313955243632,1300.6252809667467,20.852387466277452,11.231759033624428,6.19047619047619,11.737076609190385
COCOMO81,raw,LR,48,990.4549971152499,1384.972593376099,22.209582795902783,14.799499662456844,7.857142857142856,2.135741138578194
COCOMO81,raw,LR,49,990.8935780716818,1334.752652142582,22.588988912542323,7.982383371967946,6.666666666666666,3.517764629961512
COCOMO81,raw,LR,50,1069.5480056753247,1582.3325694102193,22.964869925124606,9.540798971834779,11.19047619047619,-9.042491067974918
COCOMO81,raw,LR,51,925.508687987016,1305.5605661515815,18.269145515598545,7.528697365314054,7.857142857142856,13.065015065576194
COCOMO81,raw,DT,42,391.46238095238095,754.0160940315686,1.194325986351333,0.7542665783528048,15.952380952380953,65.57797556922549
COCOMO81,raw,DT,43,502.27309523809527,970.7774860005527,1.9144275563353996,0.7935234839253031,17.380952380952376,58.52032925462129
COCOMO81,raw,DT,44,634.7595238095239,1046.1193216879547,1.4556770207649457,0.8931879769799662,12.38095238095238,57.220758328420274
COCOMO81,raw,DT,45,475.2440476190476,790.0835806370754,1.399019107421852,1.0019943914072704,4.999999999999999,65.09837615388088
COCOMO81,raw,DT,46,563.4230952380952,1052.5286493838223,1.7765490686280458,0.7801912901817112,17.619047619047613,51.3959357983425
COCOMO81,raw,DT,47,531.0126190476192,925.0365690696206,1.5995624085369247,0.7303220365299555,10.952380952380953,62.44879368505501
COCOMO81,raw,DT,48,445.13428571428574,790.6176068258208,1.4392910612762964,0.8408617068207711,9.285714285714283,63.29207971593636
COCOMO81,raw,DT,49,514.9640476190476,920.1320136771149,1.015023077056042,0.6930294247072001,15.952380952380949,64.21433149531279
COCOMO81,raw,DT,50,455.1052380952381,790.3829301440184,1.1994562471454155,0.6568685567848747,12.38095238095238,65.01927686469688
COCOMO81,raw,DT,51,589.4792857142858,1115.4024336713667,1.4638770261804337,0.85625501231928,10.714285714285714,55.08818166561476
COCOMO81,raw,RF,42,507.0235571428572,1003.160659204267,1.92657578226182,0.9757793031930693,15.714285714285712,55.019112057248094
COCOMO81,raw,RF,43,511.5194880952382,998.2104696518882,2.393728311223705,1.0450814222482785,11.428571428571425,55.21790752033968
COCOMO81,raw,RF,44,475.0602333333333,844.2170888725634,2.2022299622545423,1.1788459662668485,17.857142857142854,63.796272353103134
COCOMO81,raw,RF,45,484.8746095238096,823.8765444914764,2.683943799626351,1.1883981746170573,12.142857142857142,63.02690957428812
COCOMO81,raw,RF,46,521.1143095238097,992.306385151207,2.217513656676165,1.0789940346299343,19.285714285714285,56.166293751126716
COCOMO81,raw,RF,47,475.5946666666667,836.7445766082371,1.9590179731235402,1.2634334924078265,14.523809523809524,65.03160233548064
COCOMO81,raw,RF,48,491.138919047619,942.9177213442788,2.004248563036633,1.2531996906749134,17.857142857142854,57.516572212460645
COCOMO81,raw,RF,49,501.27384285714277,895.5831710269913,1.862699419522133,1.0732918045682838,14.523809523809522,64.31233103140985
COCOMO81,raw,RF,50,470.46420714285716,856.8414080381004,1.9244837436270508,1.0879303171421848,19.047619047619044,60.076111342363774
COCOMO81,raw,RF,51,508.66019047619056,927.1708521172128,2.3058820689407162,1.5444321967707122,11.19047619047619,60.67558034804458
COCOMO81,raw,KNN,42,525.0880952380952,973.5990031591176,3.4381858105506162,1.4161799400942279,9.76190476190476,56.3367343952411
COCOMO81,raw,KNN,43,586.6118095238096,1052.5204131355426,3.900521944784974,1.9915777705491464,9.523809523809522,53.538299333628615
COCOMO81,raw,KNN,44,570.6013809523809,974.3314193216069,3.484080942551812,1.7189250554438942,9.523809523809522,55.990545763274284
COCOMO81,raw,KNN,45,553.808380952381,972.639059619054,3.8405789825004923,1.7641606912579988,9.761904761904761,57.35476018203381
COCOMO81,raw,KNN,46,565.5739523809524,1029.407579628303,3.486705901429766,1.5608210267005187,12.619047619047617,56.52533064623765
COCOMO81,raw,KNN,47,563.2821428571428,1029.9256579272098,3.438072263935903,1.7922192618483141,10.0,55.24204154687004
COCOMO81,raw,KNN,48,557.7026666666667,938.7177514459914,3.7748994551813793,1.9098050251791807,7.1428571428571415,59.15432214909072
COCOMO81,raw,KNN,49,567.3350952380952,926.9775431394962,3.6251235955663006,1.4194945981280618,6.19047619047619,59.40560098806768
COCOMO81,raw,KNN,50,547.2940000000001,905.8041336393746,3.7559966629497388,1.6723568312989197,7.38095238095238,57.58627727189306
COCOMO81,raw,KNN,51,564.9540476190477,1026.753876742677,3.5446730996902276,1.432836898391264,12.857142857142856,56.56374156690392
COCOMO81,raw,SVR,42,641.9687136558041,1300.1274062071138,2.513196891952425,0.9880336501467385,7.857142857142856,51.561852197752366
COCOMO81,raw,SVR,43,641.1663576597487,1315.9017470216586,2.4475980073283212,1.5014658469442643,9.523809523809522,51.42236170760633
COCOMO81,raw,SVR,44,644.4977812349788,1204.439068897714,2.6917188755957144,0.9689823357625066,10.714285714285712,54.63565602382444
COCOMO81,raw,SVR,45,642.4371392384028,1167.5876816033306,2.7685536056317153,2.2322733623322897,6.19047619047619,56.04843863292221
COCOMO81,raw,SVR,46,663.4585111914,1332.3215237709526,2.6655157229962514,0.9889843655124528,6.428571428571428,51.95776223836955
COCOMO81,raw,SVR,47,651.3556421028787,1310.298847750985,2.5382323218096134,1.264430518991334,12.857142857142856,52.687276344132954
COCOMO81,raw,SVR,48,648.9054977027779,1259.6452839526203,2.7880169100142957,2.1470722894317453,9.285714285714283,54.35719994723841
COCOMO81,raw,SVR,49,620.7817479688958,1124.4778590718818,2.472081192654808,1.2781340118422557,14.523809523809522,56.82065634422521
COCOMO81,raw,SVR,50,629.2639689944522,1147.8626240908775,2.6409457433546137,1.023434273494698,6.19047619047619,57.588857060148484
COCOMO81,raw,SVR,51,650.3484881287353,1339.7783963123131,2.5830058739160657,0.9843278941049493,14.047619047619046,51.784673022380254
COCOMO81,semilog,LR,42,63492.015245469345,155268.30890146826,11.432886361700309,0.9565704653039593,14.523809523809522,-3395.4772853751974
COCOMO81,semilog,LR,43,57835.73895066624,152559.9532999637,11.328776130278682,0.8552964990345711,17.619047619047613,-3997.110682237691
COCOMO81,semilog,LR,44,349161.8118830742,854760.7986994522,54.90283608138833,0.9686111683245716,16.904761904761905,-14007.137423978527
COCOMO81,semilog,LR,45,118530.7622342365,313126.09165082726,20.322027732995764,0.9021710594066861,19.047619047619044,-5490.642802992266
COCOMO81,semilog,LR,46,90253.42055736837,220792.2409039299,15.37956690397036,1.2172781476350605,14.285714285714283,-5810.970735364507
COCOMO81,semilog,LR,47,77049.89385029064,203419.54224213556,13.75167838644621,1.1647140596577663,12.619047619047617,-5391.9934686376855
COCOMO81,semilog,LR,48,77249.67497211247,188979.2021898057,13.201878797346206,0.8259986561298671,14.047619047619046,-4801.5964318771385
COCOMO81,semilog,LR,49,87199.18558679288,213257.43752745213,14.785827894954448,0.7630050598596946,12.857142857142856,-5638.064650629503
COCOMO81,semilog,LR,50,995510.1785042512,2633110.9977100072,152.56980599500102,0.6850374951377207,14.999999999999996,-65804.36137135533
COCOMO81,semilog,LR,51,39384.24539675509,96212.74293295048,7.951898777513128,0.724350907645325,14.047619047619046,-2464.83703496665
COCOMO81,semilog,DT,42,792.4680952380957,1532.2409298580842,1.4349910619364965,0.7906537254473921,12.857142857142856,28.95758318575198
COCOMO81,semilog,DT,43,570.9514285714288,1172.5177039364446,1.1114788727760054,0.7200321162047247,17.38095238095238,50.59802729139343
COCOMO81,semilog,DT,44,584.1471428571431,1080.3260604465006,1.1532727274803887,0.692716083364337,14.285714285714283,53.214284168349934
COCOMO81,semilog,DT,45,492.34476190476215,861.6959123940153,1.6063196954143906,0.9148466605341563,7.857142857142856,62.49123028549045
COCOMO81,semilog,DT,46,508.4442857142858,960.9975608623815,1.6352027518669061,0.8382164383011105,19.285714285714285,55.551923853137126
COCOMO81,semilog,DT,47,431.20285714285717,817.7164046881533,0.9321149165310085,0.7171902122540919,20.714285714285715,64.57890096499682
COCOMO81,semilog,DT,48,731.5959523809526,1396.1476974277045,1.457467867253834,0.7402861634521987,9.999999999999996,43.62941387357458
COCOMO81,semilog,DT,49,549.2885714285715,1006.3894407414953,1.2954759494670367,0.7498529174360626,17.142857142857142,61.693992665175735
COCOMO81,semilog,DT,50,590.9480952380952,1040.2729840345967,1.2374582949560478,0.7909119922893139,17.142857142857142,56.68220169017542
COCOMO81,semilog,DT,51,394.87619047619035,724.2568384326071,1.281596633405639,0.7830411570694653,12.38095238095238,67.17638557285835
COCOMO81,semilog,RF,42,458.6487471559634,974.1666269647097,0.7557106147090689,0.564011700105551,17.14285714285714,65.1924457499928
COCOMO81,semilog,RF,43,435.0098266176552,896.1554840717481,0.85365742039205,0.5663127193049733,19.76190476190476,67.75962058758876
COCOMO81,semilog,RF,44,429.4099184227938,819.1541232846367,0.7704650832563267,0.6227799015666821,17.619047619047613,70.38374674682144
COCOMO81,semilog,RF,45,443.85821501991467,805.7770239588996,0.9509808443979291,0.7290753011331418,17.857142857142854,71.07183002361369
COCOMO81,semilog,RF,46,465.44218477032007,927.4774980635582,0.8210758090977807,0.5827246846960291,16.190476190476186,66.7496731154229
COCOMO81,semilog,RF,47,428.99072523293535,844.1355150892678,0.7383226765337818,0.5242962468739502,19.523809523809522,71.86340679175316
COCOMO81,semilog,RF,48,454.5440356775081,915.236245739824,0.8235385861724712,0.636256987367701,17.38095238095238,68.20748231716526
COCOMO81,semilog,RF,49,427.50873380185504,807.879504489433,0.7532178926452404,0.5444632079711287,20.95238095238095,71.97244164056839
COCOMO81,semilog,RF,50,447.42006967862324,862.4572937906656,0.8240630102828141,0.602590473438568,12.857142857142856,67.81172764585668
COCOMO81,semilog,RF,51,437.48094092945,865.2208710106976,0.8433179248202836,0.6046427361860365,20.95238095238095,69.62668429435078
COCOMO81,semilog,KNN,42,567.6064793261012,1143.4071840906897,1.862472391155362,0.8278278277775692,9.285714285714283,56.18481452184128
COCOMO81,semilog,KNN,43,582.2258081241705,1180.875785235415,2.30956138476053,1.1196557999071026,14.523809523809522,56.33216514021059
COCOMO81,semilog,KNN,44,587.1415636513316,1107.6047831941974,1.9499057727517761,0.8985600831179097,10.95238095238095,57.41209418567337
COCOMO81,semilog,KNN,45,579.8518089616634,1067.2464639506227,2.4695095991463303,1.1070314116247932,14.523809523809522,59.77462066656774
COCOMO81,semilog,KNN,46,594.7188764552994,1182.1099058328375,2.018748866563698,0.9561577145375783,14.047619047619046,57.25108288554246
COCOMO81,semilog,KNN,47,601.7850253399822,1190.8766121762521,1.8664175606657754,1.0549449893411897,15.714285714285712,55.77004528204852
COCOMO81,semilog,KNN,48,580.4451049489284,1117.0304244420113,1.9731205937932494,1.117702204369544,11.19047619047619,59.58844144652686
COCOMO81,semilog,KNN,49,566.9674345453984,1010.8199925990341,1.9363941659834345,0.8302783563105575,9.523809523809522,61.00229262686453
COCOMO81,semilog,KNN,50,546.5557729427368,983.0566475286676,1.989346721600856,0.8120569383799475,16.19047619047619,63.683972099539325
COCOMO81,semilog,KNN,51,587.3592698948502,1204.9461039910354,1.9975275851806351,0.8908436034762903,11.19047619047619,55.894163007829604
COCOMO81,semilog,SVR,42,582.1127245676031,1207.4971046708145,1.963353977663239,0.7990595822782677,9.523809523809522,56.79812602695889
COCOMO81,semilog,SVR,43,591.1770898128334,1229.627731647383,2.6898830487798575,1.2189300876747917,12.619047619047617,55.7111457795569
COCOMO81,semilog,SVR,44,585.5288471907236,1127.4846797703021,2.141972844075013,0.8416629526463462,6.666666666666666,59.21949459368094
COCOMO81,semilog,SVR,45,593.4911671885469,1085.445065723765,2.6632894336641164,1.2461728162157328,4.523809523809524,60.51836852428729
COCOMO81,semilog,SVR,46,612.4676668250721,1240.0832040567707,2.1774430544633625,0.9514529872044676,7.857142857142856,56.93858214533178
COCOMO81,semilog,SVR,47,610.7758323145346,1241.557233096048,2.179281360008689,0.9467716097094308,9.523809523809522,55.92511494132693
COCOMO81,semilog,SVR,48,592.7641587508131,1178.2773569351652,2.0588230172429745,1.324990783324754,7.857142857142856,59.41624489056727
COCOMO81,semilog,SVR,49,576.9852086063794,1063.1420816811606,2.060389181386579,1.05906428837088,6.428571428571428,60.84558292651603
COCOMO81,semilog,SVR,50,577.1028588032692,1086.9103334822626,2.0843057174743223,0.8461506409421229,10.952380952380953,61.71572045038797
COCOMO81,semilog,SVR,51,598.4853273053583,1249.4273346421073,2.033714816264656,0.9095215244534435,6.19047619047619,56.64569670962767
COCOMO81,loglog,LR,42,268.95029847771883,541.8414291297424,0.4502098025258137,0.3110120862844837,44.52380952380952,78.20469567894693
COCOMO81,loglog,LR,43,284.833814723743,573.1897577849885,0.5022728889448773,0.34095712529711253,38.09523809523809,74.89733953654891
COCOMO81,loglog,LR,44,282.88671533982017,549.7404513656738,0.5152122394298542,0.34971798925206,34.52380952380952,76.77150683998897
COCOMO81,loglog,LR,45,278.7863190485888,494.8348984968876,0.46901013111184486,0.3100015117943232,41.42857142857143,81.09682565323337
COCOMO81,loglog,LR,46,289.04719723361063,590.1101267970275,0.45126243903643015,0.3425173212698575,39.761904761904766,76.82972440694735
COCOMO81,loglog,LR,47,250.3675331083591,489.81603483283106,0.4604257173954749,0.3387536441816838,44.76190476190476,79.67955848985284
COCOMO81,loglog,LR,48,288.48973716784474,581.9975141508705,0.47975987360258954,0.3637803422852085,33.80952380952381,77.4202186972722
COCOMO81,loglog,LR,49,248.7117694937299,437.88104527385366,0.4455004411770028,0.3060424540604358,42.14285714285713,81.93969154377321
COCOMO81,loglog,LR,50,298.4042778535186,566.1449929979808,0.4599219648220093,0.3034396090728527,41.19047619047619,79.1756266725062
COCOMO81,loglog,LR,51,329.8899607190159,667.715373238461,0.5160462349644714,0.397019069128324,38.57142857142857,74.26538589531857
COCOMO81,loglog,DT,42,792.1347619047622,1531.8518865419924,1.4306200793836956,0.7789463353407926,12.857142857142856,28.99294950777291
COCOMO81,loglog,DT,43,570.9514285714288,1172.5177039364446,1.1114788727760054,0.7200321162047247,17.38095238095238,50.59802729139343
COCOMO81,loglog,DT,44,583.0423809523812,1080.243129441509,1.1152496394573006,0.6661957256992824,14.285714285714283,53.33809786038226
COCOMO81,loglog,DT,45,492.16142857142876,861.6749518571866,1.6007641398588348,0.9061640901494583,7.857142857142856,62.5126378736781
COCOMO81,loglog,DT,46,508.4442857142858,960.9975608623815,1.6352027518669061,0.8382164383011105,19.285714285714285,55.551923853137126
COCOMO81,loglog,DT,47,434.2361904761905,817.8831605800262,1.0240341084502005,0.719326964390844,20.714285714285715,64.45734254243003
COCOMO81,loglog,DT,48,731.4126190476193,1396.1460532543852,1.4519123116982784,0.7243372001348143,9.999999999999996,43.63691151665998
COCOMO81,loglog,DT,49,552.3719047619048,1007.4520219522121,1.3889102929013801,0.85328081341715,17.142857142857142,61.271600978901596
COCOMO81,loglog,DT,50,589.7480952380953,1040.0782808281788,1.2010946585924114,0.7758553718047183,17.142857142857142,56.832461019324626
COCOMO81,loglog,DT,51,395.29047619047606,724.3291696098102,1.2941507459597514,0.8007262042627092,12.38095238095238,67.1276534190592
COCOMO81,loglog,RF,42,458.7203823004208,974.0260811635546,0.7718413537170156,0.578367155872467,18.809523809523807,65.17494952149852
COCOMO81,loglog,RF,43,433.58525839730265,894.0447787798679,0.8573438286280191,0.5685282166140916,19.76190476190476,67.8969241614797
COCOMO81,loglog,RF,44,428.06676138362,816.0821052238362,0.7757266531100007,0.6335662004726659,17.619047619047613,70.49769338849728
COCOMO81,loglog,RF,45,444.7486390630153,807.9863102045255,0.9678801874656704,0.7595914052425938,16.190476190476186,70.91451944906369
COCOMO81,loglog,RF,46,462.8604796268122,921.13949442712,0.8276763961955727,0.5808273452726285,16.190476190476186,66.95522703249509
COCOMO81,loglog,RF,47,430.58216588496754,843.9251983853144,0.7531645811881988,0.5255089985729375,17.857142857142854,71.77645273458624
COCOMO81,loglog,RF,48,453.5902768259801,913.9057820876658,0.8354458415555934,0.6638377073229098,17.14285714285714,68.3060566887146
COCOMO81,loglog,RF,49,428.72206765753856,807.5493067933661,0.7872381091607841,0.5722550966832227,17.857142857142854,71.82489972462213
COCOMO81,loglog,RF,50,446.5343143847457,864.0774672061186,0.8324725644541437,0.5997914395017325,14.523809523809522,67.75081258154795
COCOMO81,loglog,RF,51,437.4994812495376,865.3031573066206,0.856300522517305,0.6247457429603214,19.523809523809522,69.58671153461736
COCOMO81,loglog,KNN,42,603.8331564614912,1225.5877315627426,1.6090231775018389,0.8907718555372593,7.857142857142856,54.760960105363424
COCOMO81,loglog,KNN,43,595.6908049425543,1219.6076692040658,1.7971450931886586,1.1375541873790707,12.619047619047617,55.54053361543797
COCOMO81,loglog,KNN,44,604.1185579207779,1143.2206558512464,1.759095056545555,0.9334098186149447,9.285714285714283,56.997124776027974
COCOMO81,loglog,KNN,45,588.4955109559996,1078.95255340758,1.8126655701127472,0.985634878999757,16.190476190476186,60.75505399704481
COCOMO81,loglog,KNN,46,608.482594911668,1228.7199391023491,1.8001295171351372,0.9357541382566709,15.952380952380953,57.10105419823019
COCOMO81,loglog,KNN,47,608.452158464923,1243.90870323155,1.6095856028264286,0.9848383137127307,15.714285714285712,55.68246862632892
COCOMO81,loglog,KNN,48,599.765585470248,1176.6104048913962,1.765101307462126,1.026535457763892,9.523809523809522,58.41194204803329
COCOMO81,loglog,KNN,49,579.9971247233404,1059.1972572167824,1.7923769515867005,0.8806509553457845,15.952380952380949,60.23291082619405
COCOMO81,loglog,KNN,50,584.908886205578,1078.7235178424348,1.6175912793263922,0.9186687472927613,7.857142857142856,60.45983334056042
COCOMO81,loglog,KNN,51,606.8379301425941,1253.610586026855,1.693487837429511,0.810040477676678,10.714285714285714,55.53365297167416
COCOMO81,loglog,SVR,42,538.4519955833397,1153.4971580248443,1.1061646332426671,0.5993517812910725,25.71428571428571,60.815534356494666
COCOMO81,loglog,SVR,43,540.1590529243628,1164.7396507837252,1.5253169219758438,0.8375610419465552,20.95238095238095,60.34777704509595
COCOMO81,loglog,SVR,44,543.4151101302364,1072.979664285263,1.1842044537373044,0.6806008942319156,20.71428571428571,63.12013903287691
COCOMO81,loglog,SVR,45,543.0590714189639,1022.0287359077381,1.5433633196716021,0.7479684774782314,22.142857142857135,65.0253773628685
COCOMO81,loglog,SVR,46,560.6161038613759,1175.2125041393306,1.2072667394623917,0.7700903275614529,19.285714285714285,61.43490270721799
COCOMO81,loglog,SVR,47,561.4394679977347,1170.0999768376073,1.2066726772820942,0.740858284539386,17.857142857142854,60.44726472778113
COCOMO81,loglog,SVR,48,545.9927036856573,1113.6589825103547,1.172958966015104,0.8202473864590847,20.71428571428571,63.57456413445734
COCOMO81,loglog,SVR,49,528.8334343116892,1000.1497904296923,1.1290289118565444,0.6989300009488403,16.190476190476186,65.05687836738362
COCOMO81,loglog,SVR,50,527.5077292094982,1026.4201226597763,1.1482508790595567,0.633896640124428,22.857142857142854,66.15945375255512
COCOMO81,loglog,SVR,51,548.9967235433804,1184.6472961395848,1.1684381125411607,0.6944478349260725,21.666666666666664,61.09810614467367
NASA93,raw,LR,42,438.02325191896,676.8248178142488,2.7255783465494337,0.9070226999968909,24.88888888888889,50.842233756146996
NASA93,raw,LR,43,471.20581450477005,779.4007366054775,2.8299038669655023,1.440324253007881,25.77777777777778,43.99918409230289
NASA93,raw,LR,44,424.0597214894325,680.4773786730236,2.6956856109433884,1.0099868894757744,24.333333333333336,50.450658511015675
NASA93,raw,LR,45,438.6710766078395,686.3441439356075,2.818780364025553,1.195110099037064,25.555555555555554,48.278130939920416
NASA93,raw,LR,46,438.2802840777834,709.0404934977859,2.624934391733011,1.1826326977726955,23.666666666666664,47.72521169532897
NASA93,raw,LR,47,458.181541057092,744.2690054897337,2.581676119772631,0.8559302314466487,23.888888888888893,46.06477262593168
NASA93,raw,LR,48,449.8569445601426,731.7090359237978,2.720871881650821,0.7505165095154063,26.222222222222218,47.91649438538498
NASA93,raw,LR,49,433.8102079643912,656.3200947447988,2.794070309696078,0.9299345504476181,26.888888888888886,48.715656658842384
NASA93,raw,LR,50,462.9532713759548,745.096670150617,2.665614576278691,1.0946871022331475,21.333333333333332,44.071013238555565
NASA93,raw,LR,51,448.2025616845578,708.0177445083131,2.6435666454827733,0.9773566397337339,23.77777777777778,47.76643448192307
NASA93,raw,DT,42,438.184,720.7794139800721,1.6253247506251234,0.4891631025887045,32.55555555555556,52.54304249231743
NASA93,raw,DT,43,395.0006666666667,750.8583898728626,0.8924547871578323,0.4049046793953134,32.44444444444444,56.26739693629761
NASA93,raw,DT,44,415.7111111111111,752.7622807186099,0.9784331443100175,0.46933857590312567,33.44444444444444,54.25673685084577
NASA93,raw,DT,45,445.1108888888889,775.593313801792,1.5325218801301748,0.4326634401807644,36.44444444444444,50.62434316888135
NASA93,raw,DT,46,368.59155555555554,700.4778463846134,0.9278008873904773,0.42511402270669735,35.77777777777778,58.70234236583531
NASA93,raw,DT,47,481.1091111111111,964.7443697648025,1.159260574472293,0.47541516731598116,35.33333333333333,44.88902097202742
NASA93,raw,DT,48,437.7764444444444,849.0801958386015,1.5217150679563347,0.43807378493037774,36.55555555555556,52.05971999220394
NASA93,raw,DT,49,420.9996666666667,778.6872097666918,1.102448058343772,0.45190194232060793,33.99999999999999,52.551353594201885
NASA93,raw,DT,50,379.30933333333337,730.5990803228343,0.8388326004748304,0.42952024753823315,39.55555555555556,57.685693927624584
NASA93,raw,DT,51,364.94166666666666,671.5206787452942,0.8623444509737783,0.468768111649566,31.111111111111107,59.39130179684315
NASA93,raw,RF,42,331.0068188888889,618.5900010724393,1.4649910682212377,0.3641555966531737,40.66666666666667,61.33311350986975
NASA93,raw,RF,43,337.68496488888894,600.4071564144637,1.2197509343840347,0.3389394583532687,40.55555555555556,62.4787321989332
NASA93,raw,RF,44,301.77055666666666,557.7529107666072,1.1325197059009426,0.33699846092433317,38.888888888888886,65.59780300804722
NASA93,raw,RF,45,323.33760111111104,594.380940561064,1.4283977949374982,0.36313398333297975,41.55555555555556,63.46556946479991
NASA93,raw,RF,46,314.2803957777777,594.9121671051272,1.1030047808671068,0.3453082126638354,42.888888888888886,63.40631201319961
NASA93,raw,RF,47,354.82704866666666,646.6420915397891,1.2357922432810742,0.4046235602131234,44.666666666666664,58.105991254616846
NASA93,raw,RF,48,318.6690239999999,599.3829407190998,1.4449674186084531,0.2958050309771606,45.222222222222214,64.22898874324731
NASA93,raw,RF,49,337.3985944444444,584.521788633152,1.2048547215644974,0.32632916686719404,41.111111111111114,62.58438310861122
NASA93,raw,RF,50,295.11233,573.3950799980148,1.120076648073501,0.30673661378715056,51.88888888888889,65.19635784209753
NASA93,raw,RF,51,322.81455857142845,598.1409890927846,1.15594527573567,0.3827928798625296,38.88888888888889,63.06142176195323
NASA93,raw,KNN,42,457.18897777777784,767.1360499485729,1.4824599370641134,0.65705066278297,10.777777777777777,49.87943296378144
NASA93,raw,KNN,43,475.86166666666657,820.7804552350966,1.6677779763581277,0.7286440078783498,11.777777777777779,46.68876234691485
NASA93,raw,KNN,44,435.3656666666667,757.9220414862488,1.5192660707497418,0.6622672253921429,12.777777777777779,50.22047509142175
NASA93,raw,KNN,45,495.9734888888888,809.89356651061,1.6550840475803412,0.7766589547490632,10.666666666666668,44.052267259210105
NASA93,raw,KNN,46,449.02562222222224,800.3536767275758,1.4910434246996427,0.6477519206338491,8.777777777777777,46.906090651392425
NASA93,raw,KNN,47,475.7764666666667,834.6835561179676,1.5959487979412061,0.6772903210336849,12.777777777777777,44.31159886509069
NASA93,raw,KNN,48,485.88271111111106,859.0015627803014,1.7406596658065454,0.7323180913179737,10.666666666666666,42.77886431917
NASA93,raw,KNN,49,424.9912666666667,730.7799008941739,1.281379116303443,0.6161797837925292,11.0,51.57901709990731
NASA93,raw,KNN,50,452.83811111111106,766.8581431205056,1.4983691000262016,0.6227417441849603,12.88888888888889,50.35131924816606
NASA93,raw,KNN,51,464.4960444444444,785.7630520625171,1.5835731332013712,0.8416150932880824,14.0,47.27268835570741
NASA93,raw,SVR,42,548.4535730720354,907.8067135754281,2.8742023824351577,1.089959352118206,9.777777777777777,42.46500679476706
NASA93,raw,SVR,43,538.706388415832,942.3054689785789,2.9596457436911643,1.0881208187039142,6.444444444444445,41.310781313607215
NASA93,raw,SVR,44,529.1460322336574,905.8930886975138,2.88628171474738,1.066424821436042,11.88888888888889,43.25071351713754
NASA93,raw,SVR,45,541.9128692306128,919.9485984337764,2.825630849939624,1.2576667935370345,11.0,42.42187077050052
NASA93,raw,SVR,46,531.6768739276129,956.6265917469585,2.851875809510465,0.8847862742186392,10.555555555555555,40.43543889375981
NASA93,raw,SVR,47,540.9905415845594,974.0179299399446,2.9626211597402587,1.0584616845148913,9.777777777777777,39.57223971734952
NASA93,raw,SVR,48,542.0669621690396,986.5549767663267,2.8929302494293387,1.4271182300808585,14.0,39.80571991201271
NASA93,raw,SVR,49,544.8823793477255,962.5618810748438,2.923914699910148,1.3920404792183116,10.666666666666668,39.5802454036693
NASA93,raw,SVR,50,539.2044099003227,946.125711294307,3.0140435962101697,1.1124386677121083,11.666666666666668,41.59086115791115
NASA93,raw,SVR,51,536.4272285576682,942.1074737347617,2.854448355744694,1.1591032787663198,7.666666666666667,40.785028285393636
NASA93,semilog,LR,42,882.7292843740628,2065.3224661680097,1.3625300618480436,0.5276887517813603,18.0,22.45677731058492
NASA93,semilog,LR,43,1109.3113476137682,2692.327660017317,1.2537937909522712,0.6891571583818056,21.333333333333332,-17.031844453822167
NASA93,semilog,LR,44,1618.0886657375231,4525.352587972969,1.4128064179781359,0.5673904225688118,29.111111111111107,-64.7150461135657
NASA93,semilog,LR,45,1661.3975633587736,4501.551260924911,1.6409335438029267,0.5119349899340389,22.77777777777778,-58.32121985948398
NASA93,semilog,LR,46,1124.9466719844163,2940.0512322703007,1.3002695745116188,0.5096486667504647,17.0,-14.222871401113338
NASA93,semilog,LR,47,2484.4371663926913,6988.974796782507,1.5650500943871513,0.568061033047886,23.555555555555557,-166.81482033983028
NASA93,semilog,LR,48,1483.7950466239781,4001.079560805898,1.571424982712334,0.5857944003136974,25.444444444444446,-54.74982925897159
NASA93,semilog,LR,49,1454.8146343585352,3880.2975737429524,1.3666588698980777,0.615278121188106,21.88888888888889,-43.46378445407596
NASA93,semilog,LR,50,2476.6629957551613,6869.165324461212,1.6296497198087927,0.5452746121873847,19.444444444444446,-171.28972564346964
NASA93,semilog,LR,51,4683.355837563575,13367.0639138709,2.077074067894375,0.5302460096317219,21.444444444444446,-327.36027119264486
NASA93,semilog,DT,42,422.9173278856022,745.6529475443978,1.3961655262060422,0.4727607621324578,32.222222222222214,53.34624674636564
NASA93,semilog,DT,43,411.1773333333334,763.3827547482849,0.8461858499632486,0.3827243050112741,37.77777777777778,55.14524257570181
NASA93,semilog,DT,44,408.9681360420788,761.9735934895041,0.7661364250326127,0.41454770657165296,35.55555555555555,55.03445267938061
NASA93,semilog,DT,45,397.75746937541214,738.8773559087202,1.3094651213308102,0.40351020204762306,39.444444444444436,57.121321089877895
NASA93,semilog,DT,46,395.4778834411577,761.6054503356181,0.9154027998403885,0.3665709571033087,42.11111111111111,54.85892346692592
NASA93,semilog,DT,47,466.6053333333333,854.9180041445937,1.4978763034021878,0.5377600752187934,29.77777777777778,46.076588326465185
NASA93,semilog,DT,48,385.35229024326173,721.0418855992755,1.3116875265921561,0.38777323293185156,38.77777777777777,57.827537034160194
NASA93,semilog,DT,49,432.6753333333334,877.7591524407022,0.9748845111849566,0.4314144013797595,34.0,52.52795999131273
NASA93,semilog,DT,50,408.90022222222234,744.5224310657286,0.8388730957276715,0.4662837115955004,36.222222222222214,54.78027862053343
NASA93,semilog,DT,51,392.1892902432616,721.1876752583455,0.8915447466681592,0.43136305322626745,35.666666666666664,55.217747870112376
NASA93,semilog,RF,42,312.5489667579249,603.7785098567242,0.6395690723941517,0.3817342366528926,38.666666666666664,65.83731678440209
NASA93,semilog,RF,43,298.26859401369376,564.4276589268669,0.5825027392160684,0.3456811215330352,42.888888888888886,68.10785010604535
NASA93,semilog,RF,44,287.2906593426413,556.8069487488775,0.5578244591356974,0.3215706674367249,42.44444444444444,68.93473827215433
NASA93,semilog,RF,45,317.71997361282234,582.9081502857391,0.6561886423246126,0.35396063137905803,37.888888888888886,66.48047868593129
NASA93,semilog,RF,46,283.0495227763796,599.411494644289,0.5648212327317768,0.3039223833658733,44.44444444444444,67.7764611934211
NASA93,semilog,RF,47,288.5567039516513,554.2207794728419,0.5805221294510613,0.33658113661038197,40.666666666666664,68.22257686519652
NASA93,semilog,RF,48,292.97577915772706,559.7030991890747,0.5813441546456983,0.31027412869294235,41.1111111111111,68.79258609135108
NASA93,semilog,RF,49,312.5062881947075,626.6541232421338,0.617439258447664,0.3224853741782167,43.88888888888889,65.58488252288616
NASA93,semilog,RF,50,290.07405320028545,555.822341032004,0.5712184233421651,0.3492355527988126,44.111111111111114,68.30872121385907
NASA93,semilog,RF,51,302.9982648589534,589.8030998803189,0.608678477324855,0.3712220469876214,40.99999999999999,66.31850813894964
NASA93,semilog,KNN,42,434.54871880948195,758.141850902081,0.8975832926509634,0.6217779330220614,17.333333333333332,54.06584494998041
NASA93,semilog,KNN,43,437.9613345526635,772.2431453538932,1.0064765946436993,0.5810619895832343,16.88888888888889,52.494039997182696
NASA93,semilog,KNN,44,430.2041087945684,756.8448046299271,0.9309794675424087,0.592191111347341,17.444444444444443,52.944384894502335
NASA93,semilog,KNN,45,453.65747861342817,754.2304600828099,1.0262883368014797,0.6252267806998967,15.11111111111111,51.40893155638092
NASA93,semilog,KNN,46,412.52477887740497,779.5459359512439,0.8990055088607658,0.5952911348175247,22.0,53.17224748830483
NASA93,semilog,KNN,47,420.50842288468357,781.0978935084349,0.9086052257906972,0.6005881605196911,20.333333333333332,52.60357566701973
NASA93,semilog,KNN,48,436.9391744449478,813.822438664715,1.0848830138275987,0.5983843604224123,24.333333333333332,50.74450529263842
NASA93,semilog,KNN,49,430.8178420676095,775.5600123657348,0.8791800108203083,0.6108483112687466,11.666666666666668,51.702547997887336
NASA93,semilog,KNN,50,415.6407429210054,743.7445216318611,0.8914782820031528,0.6087623018735899,20.666666666666664,55.725369012239334
NASA93,semilog,KNN,51,422.34945245183206,776.858349579976,0.9176598837471717,0.6772819488990073,17.333333333333336,53.43086098795966
NASA93,semilog,SVR,42,399.5775840456074,718.7843929139036,1.530686700881549,0.6116528974254802,23.666666666666668,57.22853385572446
NASA93,semilog,SVR,43,389.425248813666,710.72266556178,1.4118976729827106,0.5979957791219098,21.44444444444444,57.99412836020714
NASA93,semilog,SVR,44,385.4781486748569,707.7219810431902,1.4190260057292454,0.6454193896606297,22.555555555555557,58.15083014099986
NASA93,semilog,SVR,45,393.7376511494039,698.5320284287751,1.5339927333910102,0.6732316384629907,22.666666666666664,58.29976760094909
NASA93,semilog,SVR,46,378.003790365415,728.9775752432707,1.3521140151678224,0.6627817590707449,23.666666666666668,57.61679086693149
NASA93,semilog,SVR,47,382.5519232816866,729.5646100521905,1.342354378567429,0.6096534858150926,26.555555555555554,57.55458932468993
NASA93,semilog,SVR,48,402.36043705750745,758.7368788907463,1.5416232931834521,0.6361761141739996,23.22222222222222,55.262700257175915
NASA93,semilog,SVR,49,386.4603689416356,722.0996258568478,1.3941630533173524,0.6843367918078229,22.555555555555557,58.21201623801155
NASA93,semilog,SVR,50,389.5206926074466,716.4611434234614,1.4148465152958392,0.6496642137951173,22.22222222222222,58.25303498175083
NASA93,semilog,SVR,51,376.99047976384486,720.3092357706497,1.3404883204313436,0.6416271526319616,24.888888888888886,58.61855101551929
NASA93,loglog,LR,42,228.15261878325973,421.60488680710597,0.6083409267119301,0.28877698229802723,46.11111111111111,73.64061155501427
NASA93,loglog,LR,43,234.34688996497206,441.36019447398394,0.5864910261642626,0.25921110154208743,47.33333333333333,73.38495347307041
NASA93,loglog,LR,44,240.9527119288476,440.8473622751708,0.6050657167105119,0.2952142256634124,43.33333333333333,72.48379804596335
NASA93,loglog,LR,45,239.3273161431311,433.29627430363115,0.6348144132047078,0.29563483924223216,51.55555555555556,73.67497086683522
NASA93,loglog,LR,46,281.1800085329545,570.7903284327664,0.6238864535908568,0.272440018617842,47.33333333333333,66.62799504264746
NASA93,loglog,LR,47,300.0466932643958,607.0349142733968,0.6338026228206717,0.30189578976539794,46.888888888888886,65.78373394758133
NASA93,loglog,LR,48,237.72988639884434,428.1344703635329,0.6435495844816838,0.31591967901641305,48.666666666666664,73.1561920329946
NASA93,loglog,LR,49,238.75774608557208,412.81353990524957,0.6042365735972941,0.3048150225343659,45.666666666666664,72.29993304944522
NASA93,loglog,LR,50,275.78842569064534,517.2716710437469,0.6025050626105595,0.2977524282100821,48.888888888888886,67.42755455729086
NASA93,loglog,LR,51,270.6554429714543,540.0310489959121,0.5753207619763181,0.3181689355974344,42.888888888888886,68.16217771830853
NASA93,loglog,DT,42,422.94399455226886,745.6529894204997,1.3993401293806453,0.4727607621324578,31.111111111111107,53.34288335887386
NASA93,loglog,DT,43,420.2920000000001,772.3951491853134,0.863972592567267,0.4287235825941673,37.666666666666664,53.766977426879336
NASA93,loglog,DT,44,409.2348027087455,762.0138075041029,0.7670956576465215,0.41454770657165296,35.55555555555555,54.99015625102184
NASA93,loglog,DT,45,397.72413604207884,738.8733457282904,1.3119730578387467,0.41464804151971596,38.33333333333333,57.12707564485231
NASA93,loglog,DT,46,395.50455010782434,761.6055019595744,0.9185774030149917,0.3665709571033087,40.99999999999999,54.85541319022523
NASA93,loglog,DT,47,472.9586666666667,856.6314857338205,1.512700383296035,0.5377600752187934,29.77777777777778,45.6045115123491
NASA93,loglog,DT,48,385.35229024326173,721.0418855992755,1.3116875265921561,0.38777323293185156,38.77777777777777,57.827537034160194
NASA93,loglog,DT,49,432.6753333333334,877.7591524407022,0.9748845111849566,0.4314144013797595,34.0,52.52795999131273
NASA93,loglog,DT,50,410.738,745.7710379211686,0.8519390806686564,0.483401902756857,33.99999999999999,54.39700893055963
NASA93,loglog,DT,51,392.1892902432616,721.1876752583455,0.8915447466681592,0.43136305322626745,35.666666666666664,55.217747870112376
NASA93,loglog,RF,42,311.94777198592635,603.3113924153239,0.645025325716406,0.38393962600580717,38.666666666666664,65.8477226791618
NASA93,loglog,RF,43,297.58683756008327,564.5041702909585,0.5819056606665836,0.33164925753793006,42.77777777777778,68.17669116671644
NASA93,loglog,RF,44,286.3273551098788,555.5656329484239,0.5591814411676294,0.3218187997851617,42.44444444444444,69.06177764363662
NASA93,loglog,RF,45,316.21633719953167,579.7939303617989,0.6562959265641192,0.349921853158497,36.77777777777778,66.66597236540412
NASA93,loglog,RF,46,281.9214674362103,596.3268911971021,0.5667061192952423,0.2995719749079634,45.44444444444444,67.88768815430309
NASA93,loglog,RF,47,287.6814521655197,553.5903649396669,0.5838674576150398,0.3344941479154709,41.666666666666664,68.32981086335289
NASA93,loglog,RF,48,291.7315566957846,556.9620715761707,0.5810742956190464,0.30964819010496686,39.99999999999999,68.91766683360125
NASA93,loglog,RF,49,311.8176326588119,625.3842417620451,0.6190114270707803,0.3185380941408881,43.88888888888889,65.65922541819953
NASA93,loglog,RF,50,289.22631145348515,553.9520805597376,0.5736620484396633,0.35113969685703184,44.111111111111114,68.37508806878655
NASA93,loglog,RF,51,302.4506142817101,588.871690247306,0.6110176732653755,0.3789193064738122,39.0,66.35325134697305
NASA93,loglog,KNN,42,456.38769861820157,792.9807424956969,0.8980130632169725,0.5838617020441801,18.22222222222222,52.847949968126706
NASA93,loglog,KNN,43,436.1587353172138,811.704284772212,0.8909692754495605,0.578551651874308,25.444444444444446,53.03917841735516
NASA93,loglog,KNN,44,433.1563025342601,815.7747189885715,0.8848768211006757,0.6013188678251142,22.666666666666668,52.7324467490123
NASA93,loglog,KNN,45,459.24875486578776,787.3699488555723,0.942064570159347,0.6339609056243279,16.22222222222222,51.21486669104248
NASA93,loglog,KNN,46,432.388232448254,830.7721250835039,0.8521491427520858,0.5428377454806526,26.333333333333325,51.40480072769361
NASA93,loglog,KNN,47,437.7010517460691,852.3356775970875,0.8562214131204714,0.6085969937863827,22.77777777777778,50.70593649106267
NASA93,loglog,KNN,48,448.57857181812295,861.9384153102989,1.0013782586719975,0.6115785953372795,25.444444444444446,49.67182934630757
NASA93,loglog,KNN,49,440.31610760270803,835.8599325989541,0.7757587327102765,0.5763276285152613,22.444444444444446,51.66760076246711
NASA93,loglog,KNN,50,431.54039200191164,792.4576555961733,0.8797463767398954,0.6168092388399912,20.555555555555554,54.12790730017464
NASA93,loglog,KNN,51,439.54332199180317,820.192026137991,0.8963424258212482,0.6419657088777091,15.333333333333334,51.79297710535808
NASA93,loglog,SVR,42,357.91485817723327,679.2085102817657,1.0150515399859292,0.4261714420287069,28.666666666666668,63.10571816716451
NASA93,loglog,SVR,43,344.5385125591425,676.4075140471803,0.8709969950992325,0.40965574442004044,38.55555555555556,63.32433117474706
NASA93,loglog,SVR,44,345.62063962176427,667.57578284676,0.9083379608782245,0.4268991279427694,35.66666666666667,63.50427821925648
NASA93,loglog,SVR,45,351.7196470712019,662.2332045247497,1.0248903544624772,0.429123460715264,38.44444444444444,63.56826110299338
NASA93,loglog,SVR,46,334.39395388069,692.7288291716325,0.8505509253631095,0.41157945216587066,35.44444444444444,63.294195052872816
NASA93,loglog,SVR,47,345.4767053906449,697.9716507600044,0.864363887367921,0.40489801664961445,36.33333333333333,62.07475402571553
NASA93,loglog,SVR,48,354.42248750720205,714.3005476005868,1.0252085049237616,0.4099994780776468,35.44444444444444,61.21947376938872
NASA93,loglog,SVR,49,343.191519805162,687.5191626146332,0.877525775612612,0.38351658621056484,33.55555555555556,63.204550658842685
NASA93,loglog,SVR,50,337.6005809763534,663.8531680861031,0.864108801703184,0.3604465193981792,36.222222222222214,64.73327001892571
NASA93,loglog,SVR,51,333.6867191609964,678.2801843001092,0.8289661807341118,0.4035125084052689,38.77777777777778,64.18466614872322
Desharnais,raw,LR,42,2242.659463581979,3049.2901184486036,0.7632956285919195,0.3651643653252844,29.107142857142854,44.28572622623929
Desharnais,raw,LR,43,2186.571729616805,2741.7162046997123,0.7719197247564982,0.5502720746556837,29.64285714285714,49.046450441627464
Desharnais,raw,LR,44,2153.445233310472,2759.2373836035767,0.6946577237879528,0.3909907314507945,28.39285714285714,47.797472889634044
Desharnais,raw,LR,45,2015.5280954530194,2715.0693523688888,0.6225639740476689,0.3739645866204195,34.82142857142857,50.92540673668454
Desharnais,raw,LR,46,2292.196714398922,3053.3869342456865,0.7976031582658237,0.47077358892705384,28.035714285714285,42.98516437312248
Desharnais,raw,LR,47,2027.8976582208547,2646.6977927852026,0.6644045157906435,0.3950965030688567,34.28571428571428,52.09632445971132
Desharnais,raw,LR,48,2220.321879180739,2968.7786386242674,0.754441589229615,0.4883140237142456,29.64285714285714,44.448757768258794
Desharnais,raw,LR,49,2386.720975990035,3039.70346613458,0.8016294697426358,0.4471837780740002,26.249999999999993,43.13091409114235
Desharnais,raw,LR,50,2069.844773715007,2708.522864522765,0.7166406627437922,0.449212728047833,27.142857142857146,50.533195515944
Desharnais,raw,LR,51,2123.0429596661743,2788.1241678555184,0.7184287600293191,0.38552297004425906,27.678571428571427,47.363087206538104
Desharnais,raw,DT,42,2429.530357142857,3656.29200933214,0.6174928262184252,0.35490732932143776,36.07142857142857,41.98717810800594
Desharnais,raw,DT,43,2313.6053571428574,3135.0326551942276,0.5667508143883481,0.372144680826931,34.82142857142857,46.55414951287274
Desharnais,raw,DT,44,3086.325,4310.280143789228,0.7412256385017574,0.535243987033559,32.67857142857142,23.513336979894795
Desharnais,raw,DT,45,2480.0982142857147,3821.6897181267996,0.5764140430262408,0.36905965162864207,38.39285714285714,40.69079573480512
Desharnais,raw,DT,46,2495.6946428571428,3781.8443879514016,0.6510857025456105,0.37637073453137826,36.25,39.83987802488092
Desharnais,raw,DT,47,2504.192857142857,3526.6161033652434,0.6196951717651784,0.3965311232655432,29.999999999999993,42.06526810569488
Desharnais,raw,DT,48,2316.525,3663.294801352315,0.4684238497626335,0.3596095541341704,37.67857142857143,43.43913285754592
Desharnais,raw,DT,49,3182.2,4810.745300234317,0.8784174115766353,0.3994886430774715,38.92857142857142,23.64997970054312
Desharnais,raw,DT,50,2652.725,3832.694691453756,0.625882628771114,0.3918582099201583,31.249999999999993,37.92479703925723
Desharnais,raw,DT,51,2507.425,3604.573132962897,0.616245282038147,0.43040085984910303,29.999999999999993,39.208363519287715
Desharnais,raw,RF,42,2175.091375,3153.2761290936014,0.6396188538460168,0.37341202341778457,31.607142857142854,47.6779015465447
Desharnais,raw,RF,43,2061.0240000000003,2806.2847506394837,0.5995094415977094,0.3903768646226247,33.57142857142857,52.762490416913046
Desharnais,raw,RF,44,2254.07125,2992.217499227295,0.6438149449630827,0.42121636434891674,32.67857142857143,45.57597725064206
Desharnais,raw,RF,45,2087.188875,3025.619392119821,0.6311945618541819,0.37122859565749194,35.0,50.51094912271365
Desharnais,raw,RF,46,2030.8266607142862,3018.9038270684077,0.6286373484106814,0.4136089414210833,34.82142857142857,50.468980688177346
Desharnais,raw,RF,47,2125.6490535714283,2843.6546274969564,0.6133787726799028,0.3611549364008209,32.67857142857143,51.61131477267668
Desharnais,raw,RF,48,2219.9311071428574,3242.390879029578,0.6301126156660334,0.4717585906670023,33.92857142857142,45.455572330284305
Desharnais,raw,RF,49,2179.653428571429,3076.127189975513,0.6458896811898175,0.37717107191055504,35.89285714285714,47.945122011174554
Desharnais,raw,RF,50,2168.0249285714285,2993.9031148774875,0.6348650765916147,0.3840827270065052,27.14285714285714,49.757816491883425
Desharnais,raw,RF,51,2146.067160714286,3053.121109183203,0.6266661168437728,0.35990967456290696,33.39285714285714,48.603106644568584
Desharnais,raw,KNN,42,2173.921071428572,3135.692195780123,0.6261298965595654,0.35884354599113055,36.25,48.495247878778656
Desharnais,raw,KNN,43,2172.5475,2976.7533043713674,0.668505798769948,0.46836212247585574,32.32142857142857,49.55285345448239
Desharnais,raw,KNN,44,2032.6735714285714,2762.935660296188,0.5727474654828434,0.3377768921151585,36.07142857142857,51.697350250369354
Desharnais,raw,KNN,45,2157.1700000000005,3005.968006226358,0.6363243156962012,0.4295752564114685,34.28571428571429,47.904713801599925
Desharnais,raw,KNN,46,2082.6560714285715,2971.6693451721576,0.6070111821681998,0.4237036327635029,34.82142857142857,50.160262982620495
Desharnais,raw,KNN,47,2119.4592857142857,2877.6188144474754,0.5777729781475011,0.4268707903625059,36.607142857142854,51.6625519243997
Desharnais,raw,KNN,48,2102.9285714285716,3088.8537249293304,0.6199447202651032,0.37389259699898086,35.357142857142854,48.70181082993886
Desharnais,raw,KNN,49,2049.447142857143,2833.965973735246,0.5980658922683778,0.3751489886641857,36.24999999999999,51.30199134272992
Desharnais,raw,KNN,50,2079.2060714285717,2865.6577156466146,0.5809457059571226,0.36860992694350597,31.428571428571434,52.549384340386815
Desharnais,raw,KNN,51,2060.517142857143,2904.4964459263983,0.5909704092895056,0.36540595817963956,34.64285714285714,50.81586630843726
Desharnais,raw,SVR,42,2790.2641434153975,3876.8983433392546,0.8386916796826943,0.46153390789463683,27.857142857142854,36.93269664018645
Desharnais,raw,SVR,43,2802.1925446017462,3763.4571769839577,0.8407032108838702,0.6019097689964513,27.14285714285714,38.033185404082815
Desharnais,raw,SVR,44,2750.0037396624084,3781.8112613628264,0.835117556358599,0.4621732013603597,30.892857142857146,37.89325900123386
Desharnais,raw,SVR,45,2716.0480760338387,3972.026673910101,0.8327084375124544,0.5010251256001913,28.21428571428571,36.019049138745586
Desharnais,raw,SVR,46,2778.8299326217925,3894.7376052668537,0.8683809090723816,0.4639019108544725,26.96428571428571,35.06306741960194
Desharnais,raw,SVR,47,2792.630265350448,3870.205765321837,0.8201757228702167,0.48688896145653315,26.96428571428571,36.41587154353852
Desharnais,raw,SVR,48,2710.048611876502,3983.722605628166,0.842781067804782,0.4674494560986293,28.571428571428573,35.784264355963224
Desharnais,raw,SVR,49,2798.550758672475,3962.6325301426646,0.8489733386048304,0.4716748197030339,28.21428571428571,35.38804329548143
Desharnais,raw,SVR,50,2798.9673684045356,3896.0616266347656,0.8544348115826012,0.5267493283984475,25.535714285714285,36.26208120372643
Desharnais,raw,SVR,51,2762.943184526186,3965.3559369352197,0.844389691833664,0.47410251234366924,27.14285714285714,35.2909231427738
Desharnais,semilog,LR,42,1917.3252455041318,2846.3224848265686,0.4039549693194721,0.33113783505757854,40.53571428571429,54.00826737637701
Desharnais,semilog,LR,43,2008.5521781583836,2794.2757780192655,0.4013678455784936,0.3351039149516529,37.5,55.083077848357505
Desharnais,semilog,LR,44,2053.8124461055695,2946.7320111352074,0.4096026764783448,0.3152167204042986,40.89285714285714,54.07396100310227
Desharnais,semilog,LR,45,1966.4316048513817,2921.1399924262537,0.4173977745769853,0.33146459156972946,39.82142857142857,52.89623062671258
Desharnais,semilog,LR,46,2106.4552857508875,3287.191751543677,0.4207779059445163,0.3456192653223332,39.99999999999999,50.85467478101554
Desharnais,semilog,LR,47,1944.442461945938,2780.0468846768927,0.3859017987668142,0.3072628273056835,43.03571428571428,56.790324929260805
Desharnais,semilog,LR,48,2073.695632654206,3136.4263004037807,0.4188578231441678,0.3616785978581162,37.67857142857143,50.78016743779662
Desharnais,semilog,LR,49,1981.2635915784297,2844.672597714786,0.41356226177586775,0.30241721637872876,38.74999999999999,54.73641456940489
Desharnais,semilog,LR,50,2076.477255338502,3184.9745691820176,0.40937698371253317,0.3113080534508983,41.607142857142854,52.95013347299762
Desharnais,semilog,LR,51,1890.297796135724,2721.804769478182,0.3933919642050382,0.342729585720304,38.21428571428571,55.12184795137879
Desharnais,semilog,DT,42,2607.2321428571427,4090.3174763281613,0.5998314225360308,0.3725022599247383,40.535714285714285,37.470787908005285
Desharnais,semilog,DT,43,2670.7500000000005,3848.7215755854,0.713263574273121,0.47901338720602027,33.92857142857143,37.39648420896137
Desharnais,semilog,DT,44,2581.675,3765.1638158482397,0.5690599098957314,0.3927345533685974,33.74999999999999,37.87868407254124
Desharnais,semilog,DT,45,2378.7,3495.672643628227,0.5558688534595031,0.4032125883879002,33.39285714285714,43.01047113212983
Desharnais,semilog,DT,46,2286.3178571428575,3359.8491949825548,0.5199917429748115,0.37395076598510185,34.107142857142854,44.33870809230419
Desharnais,semilog,DT,47,2387.5803571428573,3342.846567583036,0.6543183806651384,0.4755005025037078,31.249999999999993,44.24450361038795
Desharnais,semilog,DT,48,2393.1803571428572,3692.507467429463,0.5950225261708437,0.41273140204632197,32.85714285714285,40.461608539083315
Desharnais,semilog,DT,49,2647.9625,3795.0233031739576,0.7531865364350779,0.4424403984878148,34.99999999999999,35.96436512708449
Desharnais,semilog,DT,50,2626.5803571428573,3800.1777442690736,0.6142234529348963,0.3928903105136102,32.857142857142854,38.36170922963604
Desharnais,semilog,DT,51,2486.3321428571435,3681.0625727483834,0.582043523969789,0.41376820691846083,32.49999999999999,37.65502980536661
Desharnais,semilog,RF,42,1945.3945162465625,2922.5766169615754,0.4638654211871195,0.32885328662143054,38.92857142857142,54.28888526070464
Desharnais,semilog,RF,43,1986.7311696475003,2711.1274838020645,0.5103355142480595,0.37055489051702545,37.5,54.983448286501925
Desharnais,semilog,RF,44,2024.6967690266156,2714.7631055694055,0.476448943883942,0.3591256053041872,32.32142857142857,53.068025543212094
Desharnais,semilog,RF,45,1959.4307535116836,2927.1727365614124,0.48268439153569165,0.34420410861948253,36.07142857142857,53.399090620863284
Desharnais,semilog,RF,46,1890.9954340149502,2867.152683356099,0.4527505877425857,0.3298339332474812,39.10714285714285,55.00295444904126
Desharnais,semilog,RF,47,2031.8509385672212,2715.4641900072093,0.4860679959113819,0.35174615485388505,36.07142857142857,54.293314039669596
Desharnais,semilog,RF,48,2016.9152715913938,3059.357398234941,0.46654588442738787,0.3569018530909484,39.28571428571428,51.28537008398956
Desharnais,semilog,RF,49,2011.357018867287,2945.665717163794,0.49279150053928733,0.32367208425912347,39.99999999999999,52.94690009052836
Desharnais,semilog,RF,50,2000.9873058826502,2794.1984246538295,0.48446606747806464,0.3518843278823084,36.07142857142857,54.31402466049239
Desharnais,semilog,RF,51,1959.7269012246047,2991.2535340881054,0.45382089186960395,0.32305232739583584,36.96428571428571,53.20736650400143
Desharnais,semilog,KNN,42,2062.7138328452597,3077.799966534195,0.5293153814113039,0.34282859211755295,38.57142857142857,51.79946166990281
Desharnais,semilog,KNN,43,2065.854763375516,2871.6943572001524,0.5701456093145753,0.4219716546291927,36.07142857142857,53.029693856409224
Desharnais,semilog,KNN,44,1979.4702057655275,2712.7662556700825,0.4848427394384946,0.32253414312296114,41.07142857142857,54.275301660373984
Desharnais,semilog,KNN,45,1984.5404479300971,2930.231116943539,0.5226869091865062,0.3923514672408923,39.285714285714285,52.25132130364432
Desharnais,semilog,KNN,46,1975.3782715308948,2858.11834073651,0.5067943141194555,0.3511265181384192,35.17857142857143,53.61906014213819
Desharnais,semilog,KNN,47,2017.8704878893338,2808.074125930246,0.49136139388227373,0.37653052457762476,34.107142857142854,54.607807133518484
Desharnais,semilog,KNN,48,1951.0271412871764,2989.247356185349,0.5097864787963505,0.3057293508769958,40.17857142857143,52.98424934591844
Desharnais,semilog,KNN,49,1918.5507929403873,2748.5829331280756,0.49417419080760167,0.3137647948847896,36.42857142857142,55.35673836859519
Desharnais,semilog,KNN,50,1907.1150132006085,2701.809289672488,0.4664411552315221,0.3252583179881602,40.357142857142854,57.13409785123953
Desharnais,semilog,KNN,51,1947.582698306004,2900.056914797883,0.4987060820294629,0.32898319244427876,38.57142857142857,53.584961653830234
Desharnais,semilog,SVR,42,1909.5694360499124,2936.4439765794677,0.41951181789635933,0.35595019803583255,40.17857142857143,56.5174242945949
Desharnais,semilog,SVR,43,2037.0917702577094,2905.5262393730136,0.5065153135701863,0.37122820787786504,37.14285714285714,55.44087052967577
Desharnais,semilog,SVR,44,2009.2100979762442,2888.389804454727,0.43084053297142477,0.3411428579081565,37.14285714285714,55.13357441594235
Desharnais,semilog,SVR,45,1928.6754299999884,3118.5768951835194,0.43872701214685,0.37503057987743116,41.07142857142857,54.04519353730619
Desharnais,semilog,SVR,46,1927.216630162647,2924.1008085149465,0.46288490200950366,0.3207532093134336,39.99999999999999,55.28721594783813
Desharnais,semilog,SVR,47,1977.4069348947592,2899.554088268604,0.4371354035675406,0.36813154282623667,37.5,55.980952322270014
Desharnais,semilog,SVR,48,1962.316806768745,3138.4571378685164,0.44175390340301346,0.35359240197545627,39.82142857142857,53.10845388235013
Desharnais,semilog,SVR,49,1946.827866875988,2953.5382907968433,0.4387759646394251,0.32885610822766675,40.357142857142854,56.036624993174904
Desharnais,semilog,SVR,50,1973.7563145872912,2959.2865073725743,0.4334188799828139,0.3491612017417721,41.25,55.248308045085125
Desharnais,semilog,SVR,51,1912.2682804405163,2915.4379390526233,0.42559896442084855,0.3218231147533407,40.17857142857143,56.08754127520869
Desharnais,loglog,LR,42,1777.9769582174358,2553.3293207407414,0.3751182780612465,0.3128237824256024,38.21428571428571,56.467999406322406
Desharnais,loglog,LR,43,1875.283978614641,2524.09044881741,0.37811505187913125,0.3335464063303551,32.32142857142857,57.91247041978583
Desharnais,loglog,LR,44,1734.5739144899167,2340.512677907668,0.3726489433975652,0.35354146620931215,36.607142857142854,58.301528150286444
Desharnais,loglog,LR,45,1854.6799549382863,2742.1183193526513,0.4006830855325784,0.3173610006558447,35.535714285714285,53.7443866622257
Desharnais,loglog,LR,46,1806.287927678351,2575.870067604983,0.38824403604621294,0.3474070772671477,32.67857142857142,56.243592305458165
Desharnais,loglog,LR,47,1758.4740122778858,2386.1965086072987,0.36733386349334773,0.2960586253307277,39.107142857142854,59.22730734759752
Desharnais,loglog,LR,48,1876.3138372819237,2665.8449057207636,0.39604278321432407,0.3430877905960537,37.49999999999999,54.238681359783264
Desharnais,loglog,LR,49,1759.4052082465737,2477.2067395985837,0.3678189289747079,0.323416102584392,40.17857142857142,58.40159179201394
Desharnais,loglog,LR,50,1806.6779745456784,2462.2720695433877,0.38355445500934243,0.32668081839615126,36.07142857142857,57.65982800039327
Desharnais,loglog,LR,51,1841.5289798672814,2610.085968097055,0.37824707118112055,0.3278127966320353,35.535714285714285,56.209190086475836
Desharnais,loglog,DT,42,2599.8821428571428,4089.549816050848,0.5966006533052616,0.3725022599247383,41.785714285714285,37.63688525090632
Desharnais,loglog,DT,43,2673.4625000000005,3851.055618463591,0.7135930810758421,0.4803314144169047,33.92857142857143,37.34342116767263
Desharnais,loglog,DT,44,2581.675,3765.1638158482397,0.5690599098957314,0.3927345533685974,33.74999999999999,37.87868407254124
Desharnais,loglog,DT,45,2378.7,3495.672643628227,0.5558688534595031,0.4032125883879002,33.39285714285714,43.01047113212983
Desharnais,loglog,DT,46,2285.9178571428574,3359.747231292461,0.5197785233586069,0.372458228671669,34.107142857142854,44.3471870972497
Desharnais,loglog,DT,47,2386.2678571428573,3342.6358718971073,0.654026324590372,0.4755005025037078,31.249999999999993,44.2861472853776
Desharnais,loglog,DT,48,2393.1803571428572,3692.507467429463,0.5950225261708437,0.41273140204632197,32.85714285714285,40.461608539083315
Desharnais,loglog,DT,49,2647.9625,3795.0233031739576,0.7531865364350779,0.4424403984878148,34.99999999999999,35.96436512708449
Desharnais,loglog,DT,50,2626.5803571428573,3800.1777442690736,0.6142234529348963,0.3928903105136102,32.857142857142854,38.36170922963604
Desharnais,loglog,DT,51,2464.6321428571437,3670.9106033753133,0.579051245977511,0.39282226097251494,33.92857142857143,38.194075785740324
Desharnais,loglog,RF,42,1949.0377567593987,2927.483447830902,0.46623174484402263,0.33013265606371434,37.49999999999999,54.205790293164036
Desharnais,loglog,RF,43,1982.4381162636491,2710.984554474641,0.5099741866936537,0.3698656146803164,36.25,55.11313191151021
Desharnais,loglog,RF,44,2026.26908414399,2716.30971185667,0.47752342916867035,0.36150369170213936,32.32142857142857,53.0149378105235
Desharnais,loglog,RF,45,1955.8491165773655,2927.412657843728,0.4832006505735971,0.3446968318678325,38.75,53.47004754371685
Desharnais,loglog,RF,46,1889.323208873321,2868.844772596882,0.4531419315144598,0.3291319224823509,39.10714285714285,55.03711385838649
Desharnais,loglog,RF,47,2029.3346653534397,2712.5934819159056,0.48597645834426706,0.3503026462473463,37.32142857142857,54.36443332648904
Desharnais,loglog,RF,48,2017.429017584715,3061.3287014843672,0.4667281079409461,0.35720373299056213,39.28571428571428,51.26357363425554
Desharnais,loglog,RF,49,2012.2298500815127,2949.0507168161175,0.4941621790355285,0.32476610568334957,39.99999999999999,52.91630871185872
Desharnais,loglog,RF,50,2004.956385114431,2801.846500528057,0.48683845901741896,0.3530757931794208,34.82142857142857,54.22203083472141
Desharnais,loglog,RF,51,1955.9880485212193,2988.556604447057,0.4535947095303937,0.32268266767474363,35.71428571428571,53.29599350283987
Desharnais,loglog,KNN,42,1997.6222574170793,3013.6182797775646,0.5269797722240469,0.3253162324997678,37.32142857142857,52.93576467688772
Desharnais,loglog,KNN,43,2013.4333604224983,2761.19450364379,0.558639471535484,0.4151659756444013,35.71428571428571,54.46019100746387
Desharnais,loglog,KNN,44,1951.292629479949,2765.048763045407,0.49658852597206016,0.30113301036530205,41.42857142857142,54.105590728840205
Desharnais,loglog,KNN,45,1924.7251995181832,2819.3248843254596,0.5151639775338887,0.4021689695296171,39.46428571428571,53.74403992347201
Desharnais,loglog,KNN,46,1984.660879755135,2891.6203340996317,0.5101004399709395,0.33600267151467494,37.67857142857142,52.976973611328106
Desharnais,loglog,KNN,47,1972.245816944403,2754.2231391355135,0.49121656359882315,0.3778993658315795,40.53571428571428,55.770125164578545
Desharnais,loglog,KNN,48,1869.0111188111325,2895.1925326073433,0.49830106594712653,0.30238593559561233,40.17857142857143,55.049619146029855
Desharnais,loglog,KNN,49,1893.9829843908199,2731.7790484548145,0.49671658397482304,0.29975931426471186,40.35714285714285,55.613056929000116
Desharnais,loglog,KNN,50,1888.179940044364,2718.699796859094,0.46818749263026743,0.3346041830920333,37.857142857142854,56.69554901887718
Desharnais,loglog,KNN,51,1861.458608261601,2746.4751368827606,0.4896686153018616,0.3085280310973865,41.24999999999999,55.725796481184524
Desharnais,loglog,SVR,42,1859.392750675081,2888.6274920967717,0.3957211251062173,0.3140012544932505,46.60714285714285,57.65274755627706
Desharnais,loglog,SVR,43,1964.440411936555,2829.5532882688412,0.47107401373433955,0.36577860585564104,38.39285714285714,56.97136680434987
Desharnais,loglog,SVR,44,1982.111211123845,2853.757943452304,0.4129813819874074,0.34859813634062103,36.24999999999999,55.79617133332109
Desharnais,loglog,SVR,45,1896.9866765623913,3087.848183648868,0.42052485209336893,0.34459558895824005,43.92857142857142,54.93042790324239
Desharnais,loglog,SVR,46,1860.7638915498253,2885.599456661298,0.4317795236182718,0.3026807506543666,49.285714285714285,56.81753829088493
Desharnais,loglog,SVR,47,1935.9633584423536,2876.203573291413,0.40950269619005086,0.330930163045003,45.17857142857143,56.77991364532612
Desharnais,loglog,SVR,48,1941.6368458962406,3103.4110121144527,0.42249218068398414,0.3507642146356296,41.607142857142854,53.57770235086404
Desharnais,loglog,SVR,49,1911.5855546504565,2904.502520114952,0.41467793368595346,0.2918737117427775,45.53571428571429,56.96005425053097
Desharnais,loglog,SVR,50,1941.2806232477246,2949.960420267171,0.4212451280103213,0.3475009379633199,41.607142857142854,55.705793009637986
Desharnais,loglog,SVR,51,1870.5539342094282,2883.8200351357136,0.3995208557815133,0.3053011017144391,41.42857142857142,57.05545443136333
